url,type,slug,title,meta_description,canonical,status,og_image
https://greenturtlekava.co/contact-form/,page,contact-form,CONTACT - GREEN TURTLE KAVA BAR,,https://greenturtlekava.co/contact-form/,200,
https://greenturtlekava.co/kava-shop/,page,kava-shop,Kava Shop - GREEN TURTLE KAVA BAR,,https://greenturtlekava.co/kava-shop/,200,
https://greenturtlekava.co/kava-bar-at-ormond-beach/,page,kava-bar-at-ormond-beach,Kava Bar at Ormond Beach - GREEN TURTLE KAVA BAR,,https://greenturtlekava.co/kava-bar-at-ormond-beach/,200,https://greenturtlekava.co/wp-content/uploads/2021/07/Depositphotos_43499039_l-2015.jpg
https://greenturtlekava.co/my-account/,page,my-account,My account - GREEN TURTLE KAVA BAR,,,200,
https://greenturtlekava.co/checkout/,page,checkout,Cart - GREEN TURTLE KAVA BAR,,,200,
https://greenturtlekava.co/cart/,page,cart,Cart - GREEN TURTLE KAVA BAR,,,200,
https://greenturtlekava.co/shop/,page,shop,Page not found - GREEN TURTLE KAVA BAR,Products Archive - GREEN TURTLE KAVA BAR,,200,
https://greenturtlekava.co/locations/,page,locations,Locations - GREEN TURTLE KAVA BAR,,https://greenturtlekava.co/locations/,200,
https://greenturtlekava.co/kava-bar-at-st-augustine/,page,kava-bar-at-st-augustine,Kava Bar at St Augustine | Where you'll find your good vibe tribe...,"Kava Bar at St Augustine | Where you'll find your good vibe tribe... Serving the finest kava, kratom & coffee products sourced from around the world.",https://greenturtlekava.co/kava-bar-at-st-augustine/,200,https://greenturtlekava.co/wp-content/uploads/2021/07/sea-turtle-547163_1280.jpg
https://greenturtlekava.co/kava-bar-at-daytona-beach/,page,kava-bar-at-daytona-beach,Kava Bar at Daytona Beach | Where you'll find your good vibe tribe...,"Kava Bar at Daytona Beach | Where you'll find your good vibe tribe... Serving the finest kava, kratom & coffee products sourced from around the world.",https://greenturtlekava.co/kava-bar-at-daytona-beach/,200,https://greenturtlekava.co/wp-content/uploads/2021/07/Depositphotos_27155705_l-2015.jpg
https://greenturtlekava.co/turtle-tribe/,page,turtle-tribe,Kava Tea Near Me | Meet Great People - Enjoy a Some Kava Tea Today!,"Looking for kava tea near me? Visit your turtle tribe with great people and the best kava tea, period | Come reset your day!",https://greenturtlekava.co/turtle-tribe/,200,https://greenturtlekava.co/wp-content/uploads/2021/05/turtle.png
https://greenturtlekava.co/blog/,page,blog,BLOG - GREEN TURTLE KAVA BAR,,https://greenturtlekava.co/blog/,200,
https://greenturtlekava.co/privacy-policy/,page,privacy-policy,PRIVACY POLICY - GREEN TURTLE KAVA BAR,,https://greenturtlekava.co/privacy-policy/,200,
https://greenturtlekava.co/menu/,page,menu,Kava Bar Menu | Green Turtle Kava Bar St Augustine FL,Kava Bar menu at Green Turtle Kava Bar St Augustine FL | Highest quality kava and tea sourced and served to order | Enjoy some PREMIUM kava and herbal tea today!,https://greenturtlekava.co/menu/,200,
https://greenturtlekava.co/what-is-kava/,page,what-is-kava,What is kava? Learn what kava is and why it's trending in the US,What is kava? Learn what kava-kava is all about and why this ancient elixir is taking the US by storm. Your tribe is waiting - see you soon!,https://greenturtlekava.co/what-is-kava/,200,https://greenturtlekava.co/wp-content/uploads/2021/05/l1.png
https://greenturtlekava.co/,page,kava-bar-near-me-st-augustine,Green Turtle Kava Bar | St Augustines Kava & Tea Bar Near Me,Kava and Tea Bar near me? Welcome to Green Turtle Kava Bar at St Augustine - your local spot to relax and reset. Come bula and have some shells for shells!,https://greenturtlekava.co/,200,
https://greenturtlekava.co/events/,page,events,Kava near me and more! Local Kava Bar events and specials,Kava near me? Visit Green Turtle Kava today! Find your local Turtle Tribe to relax and reset. Can't wait to meet you there!,https://greenturtlekava.co/events/,200,
https://greenturtlekava.co/contact-us/,page,contact-us,Kava Bar Florida locations | Learn. Relax. Reset. Contact Us Today,"Kava Bar Florida locations and growing! Chill and get connected with excellent people. Stop in for kava, tea, and more. Kava bar specials and upcoming events.",https://greenturtlekava.co/contact-us/,200,
https://greenturtlekava.co/about-us/,page,about-us,Kava Bar St Augustine | Green Turtle Kava Bar - Who We Are...,Kava Bar St Augustine FL | Premium sourced kava and tea | Eco conscious & turtle friendly | Come find your turtle tribe today at Green Turtle Kava Bar,https://greenturtlekava.co/about-us/,200,https://greenturtlekava.co/wp-content/uploads/2021/05/t-2.png
https://greenturtlekava.co/jobs/,page,jobs,Kava lounge near me and more | Kava lounge jobs and opportunities,Kava lounge near me jobs? Apply for an awesome job at your local kava lounge. Submit the form and a turtle tribe member will respond on upcoming availability!,https://greenturtlekava.co/jobs/,200,https://greenturtlekava.co/wp-content/uploads/2022/03/Pink-Handdrawn-Heart-Polaroid-Photo-Collage_website_jobs-.jpg
https://greenturtlekava.co/kava-be-used-in-skincare-to-benefit-your-skin/,post,kava-be-used-in-skincare-to-benefit-your-skin,How Can Kava Be Used in Skincare to Benefit Your Skin?,"Kava offers skin benefits like reducing inflammation, calming irritation, and fighting free radicals for a smoother, healthier-looking complexion.",https://greenturtlekava.co/kava-be-used-in-skincare-to-benefit-your-skin/,200,https://greenturtlekava.co/wp-content/uploads/2025/05/How-Can-Kava-Be-Used-in-Skincare-to-Benefit-Your-Skin.jpg
https://greenturtlekava.co/the-best-bars-pubs-in-st-augustine-florida/,post,the-best-bars-pubs-in-st-augustine-florida,"The BEST Bars & Pubs in St. Augustine, Florida","Looking for a great night out in St. Augustine? Explore the best bars and pubs for craft drinks, local vibes, and unforgettable memories with friends.",https://greenturtlekava.co/the-best-bars-pubs-in-st-augustine-florida/,200,https://greenturtlekava.co/wp-content/uploads/2025/04/The-BEST-Bars-Pubs-in-St.-Augustine-Florida-.jpg
https://greenturtlekava.co/kava-vs-kratom-how-different-are-they/,post,kava-vs-kratom-how-different-are-they,Kava vs Kratom: How Different Are They? | Green Turtle Kava,"Kava and kratom are often compared, but they have different effects, uses, and risks. Learn how they differ to make an informed wellness choice.",https://greenturtlekava.co/kava-vs-kratom-how-different-are-they/,200,https://greenturtlekava.co/wp-content/uploads/2025/04/Kava-vs-Kratom-How-Different-Are-They.jpg
https://greenturtlekava.co/planning-visit-to-st-augustine/,post,planning-visit-to-st-augustine,Planning a Visit to St. Augustine? Know About Oldest City,"Planning a visit to the oldest city in U.S.? Know the history, attractions, and charm of St. Augustine for an unforgettable experience!",https://greenturtlekava.co/planning-visit-to-st-augustine/,200,https://greenturtlekava.co/wp-content/uploads/2025/03/Planning-a-Visit-to-St.-Augustine-Know-All-About-the-Oldest-City-in-the-U.S-1024x576.jpg
https://greenturtlekava.co/is-saint-augustine-worth-visiting/,post,is-saint-augustine-worth-visiting,Is Saint Augustine Worth Visiting? | Green Turtle Kava Bar,"Saint Augustine is a must-visit for history, beaches, and charm. Explore historic sites, scenic views, and great food in the nation's oldest city!",https://greenturtlekava.co/is-saint-augustine-worth-visiting/,200,https://greenturtlekava.co/wp-content/uploads/2025/03/Is-Saint-Augustine-Worth-Visiting-1024x576.jpg
https://greenturtlekava.co/mixing-kava-with-herbs-what-works-what-doesnt/,post,mixing-kava-with-herbs-what-works-what-doesnt,Mixing Kava With Other Herbs: What Works and What Doesn't?,Discover which herbs complement kava and which to avoid. Learn safe combinations for relaxation and well-being while maximizing kava’s benefits.,https://greenturtlekava.co/mixing-kava-with-herbs-what-works-what-doesnt/,200,https://greenturtlekava.co/wp-content/uploads/2025/02/Mixing-Kava-with-Other-Herbs-What-Works-and-What-Doesnt-1024x576.jpg
https://greenturtlekava.co/does-kava-have-any-muscle-relaxing-properties/,post,does-kava-have-any-muscle-relaxing-properties,Does Kava Have Any Muscle Relaxing Properties - GTK,"Discover how Kava, a natural root from the South Pacific, helps relax muscles, ease tension & promote overall calmness for both the body & mind.",https://greenturtlekava.co/does-kava-have-any-muscle-relaxing-properties/,200,https://greenturtlekava.co/wp-content/uploads/2025/02/Does-Kava-Have-Any-Muscle-Relaxing-Properties.jpg
https://greenturtlekava.co/kava-market-in-terms-of-demand-accessibility/,post,kava-market-in-terms-of-demand-accessibility,Is Kava Market Evolving In Terms Of Demand & Accessibility?,"Kava market is evolving in the west. Let's read more on the growing demand, changing accessibility & its rise as a popular remedy for relaxation.",https://greenturtlekava.co/kava-market-in-terms-of-demand-accessibility/,200,https://greenturtlekava.co/wp-content/uploads/2025/01/How-Is-The-Kava-Market-Evolving-In-Terms-Of-Demand-And-Accessibility.png
https://greenturtlekava.co/can-kava-help-you-get-a-good-nights-rest/,post,can-kava-help-you-get-a-good-nights-rest,Can Kava Help You Finally Get a Good Night’s Rest? | GTK,"Kava, also being a traditional drink from the South Pacific, may offer them just the solution that attracts researchers and health enthusiasts together.",https://greenturtlekava.co/can-kava-help-you-get-a-good-nights-rest/,200,https://greenturtlekava.co/wp-content/uploads/2025/01/Can-This-Plant-Help-You-Finally-Get-a-Good-Nights-Rest-Know-About-Kava.png
https://greenturtlekava.co/how-does-kava-work-to-soothe-stress-and-anxiety/,post,how-does-kava-work-to-soothe-stress-and-anxiety,How Does Kava Work to Soothe Stress and Anxiety? I GTK,"Kava offers natural stress relief by reducing anxiety, improving sleep, and promoting relaxation. In this blog learn about its benefits and how it works.",https://greenturtlekava.co/how-does-kava-work-to-soothe-stress-and-anxiety/,200,https://greenturtlekava.co/wp-content/uploads/2024/12/How-Does-Kava-Work-to-Soothe-Stress-and-Anxiety.png
https://greenturtlekava.co/how-much-kava-is-safe-for-you/,post,how-much-kava-is-safe-for-you,How Much Kava Is Safe For You? I Green Turtle Kava Bar,"Enjoy kava safely with expert guidance at Green Turtle Kava. Learn safe dosages, benefits, and tips for a relaxing experience without health risks.",https://greenturtlekava.co/how-much-kava-is-safe-for-you/,200,https://greenturtlekava.co/wp-content/uploads/2024/12/How-Much-Kava-Is-Safe-For-You.png
https://greenturtlekava.co/what-are-different-types-of-kava/,post,what-are-different-types-of-kava,What Are The Different Types of Kava? I Green Turtle Kava,"Learn about Noble, Tudei, and Wild kava, their unique effects, and why Green Turtle Kava is the perfect spot to enjoy an authentic kava experience.",https://greenturtlekava.co/what-are-different-types-of-kava/,200,https://greenturtlekava.co/wp-content/uploads/2024/11/What-Are-The-Different-Types-of-Kava-Noble-Tudei-and-Wild-Varieties.png
https://greenturtlekava.co/trying-kava-first-time-how-kava-makes-you-feel/,post,trying-kava-first-time-how-kava-makes-you-feel,Trying Kava for the First Time? Know How Kava Makes You Feel,"Trying Kava for the first time? Learn how Kava can help in promoting relaxation, uplifts mood, and boosts sociability without hangovers or addiction.",https://greenturtlekava.co/trying-kava-first-time-how-kava-makes-you-feel/,200,https://greenturtlekava.co/wp-content/uploads/2024/11/Trying-Kava-for-the-First-Time-Know-How-Kava-Makes-You-Feel.png
https://greenturtlekava.co/kava-preparation-affect-on-potency-and-flavor/,post,kava-preparation-affect-on-potency-and-flavor,How Preparation Methods affect Kava’s Potency and Flavor,"Different kava preparation methods impact its potency and flavor, with fats enhancing strength and spices adjusting taste for a smoother experience.",https://greenturtlekava.co/kava-preparation-affect-on-potency-and-flavor/,200,https://greenturtlekava.co/wp-content/uploads/2024/10/How-Different-Preparation-Methods-Affect-Kavas-Potency-and-Flavor.png
https://greenturtlekava.co/how-does-kava-help-in-modern-anxiety-management/,post,how-does-kava-help-in-modern-anxiety-management,How Does Kava Help in Modern Anxiety Management - GTK,"Kava is an active alternative remedy used in modern anxiety management, promoting relaxation, calmness, and improving mood without side effects",https://greenturtlekava.co/how-does-kava-help-in-modern-anxiety-management/,200,https://greenturtlekava.co/wp-content/uploads/2024/10/How-Does-Kava-Help-in-Modern-Anxiety-Management.png
https://greenturtlekava.co/how-to-choose-high-quality-kava-label-guide/,post,how-to-choose-high-quality-kava-label-guide,How to Choose High-Quality Kava: What to Look for on Label,"Learn how to choose high-quality kava by checking labels for purity, kavalactone content, and third-party testing for an effective kava experience.",https://greenturtlekava.co/how-to-choose-high-quality-kava-label-guide/,200,https://greenturtlekava.co/wp-content/uploads/2024/09/How-to-Choose-High-Quality-Kava-What-to-Look-for-on-Label.png
https://greenturtlekava.co/can-kava-help-in-sleep-for-better-night-rest/,post,can-kava-help-in-sleep-for-better-night-rest,Kava for Sleep: Can It Help You Get a Better Night’s Rest?,"Kava is a natural sleep aid that induces relaxation and calmness, reduces anxiety, and improves sleep quality for a more restful night’s sleep.",https://greenturtlekava.co/can-kava-help-in-sleep-for-better-night-rest/,200,https://greenturtlekava.co/wp-content/uploads/2024/09/Kava-for-Sleep-Can-It-Help-You-Get-a-Better-Nights-Rest.png
https://greenturtlekava.co/how-is-kava-drink-made/,post,how-is-kava-drink-made,Farm to Cup: How Is Kava Drink Made? | Green Turtle Kava Bar,"Starting from the farm, making Kava is a long process that starts with careful cultivation followed by harvesting, processing, and turning into a drink.",https://greenturtlekava.co/how-is-kava-drink-made/,200,https://greenturtlekava.co/wp-content/uploads/2024/08/From-Farm-to-Cup-How-Is-Kava-Drink-Made.png
https://greenturtlekava.co/why-kava-is-the-perfect-alternative-to-alcohol/,post,why-kava-is-the-perfect-alternative-to-alcohol,Why Kava is the Perfect Alternative to Alcohol?,"Kava offers a healthier, non-addictive alternative to alcohol, providing relaxation without the harmful effects, hangovers, or cognitive impairment.",https://greenturtlekava.co/why-kava-is-the-perfect-alternative-to-alcohol/,200,https://greenturtlekava.co/wp-content/uploads/2024/08/Why-Kava-is-the-Perfect-Alternative-to-Alcohol.png
https://greenturtlekava.co/seasonal-kava-drinks-7-best-kava-recipes/,post,seasonal-kava-drinks-7-best-kava-recipes,Seasonal Kava Drinks: 7 Best Kava Recipes,"‘what I can do with Kava?’ You can make a variety of kava drink mixes, and here we will explore some of the top recipes that you can try out.",https://greenturtlekava.co/seasonal-kava-drinks-7-best-kava-recipes/,200,https://greenturtlekava.co/wp-content/uploads/2024/08/Seasonal-Kava-Drinks-7-Best-Kava-Recipes.png
https://greenturtlekava.co/health-benefits-of-kava-why-you-should-try-it/,post,health-benefits-of-kava-why-you-should-try-it,The Health Benefits of Drinking Kava: Why You Should Try It,,https://greenturtlekava.co/health-benefits-of-kava-why-you-should-try-it/,200,https://greenturtlekava.co/wp-content/uploads/2024/08/The-Health-Benefits-of-Drinking-Kava-Why-You-Should-Try-It.jpg
https://greenturtlekava.co/kava-vs-coffee-which-one-suits-your-need/,post,kava-vs-coffee-which-one-suits-your-need,Kava vs Coffee: Which One Suits Your Needs Better?,"Explore kava vs coffee historical roots, preparation, health benefits, and social experiences. Visit Green Turtle Kava Bar for relaxing kava experience",https://greenturtlekava.co/kava-vs-coffee-which-one-suits-your-need/,200,https://greenturtlekava.co/wp-content/uploads/2024/07/5.png
https://greenturtlekava.co/kava-benefits-and-traditions/,post,kava-benefits-and-traditions,Kava Benefits and Traditions at Green Turtle kava Bar,"Kava is a traditional non-alcoholic drink from the Pacific Islands, from the root of Piper methysticum. Click here to know the benefits it offers.",https://greenturtlekava.co/kava-benefits-and-traditions/,200,https://greenturtlekava.co/wp-content/uploads/2024/07/Magic-of-Kava-Benefits-and-Traditions-at-Green-Turtle-Kava-Bar1.png
https://greenturtlekava.co/what-is-kava-used-for-a-spiritual-co-pilot/,post,what-is-kava-used-for-a-spiritual-co-pilot,What is Kava Used For? 5 Easy Spiritual Benefits From Kava,kava can also play a significant role in supporting your spiritual journey. So you may be wondering what is kava used for? Read more to find out.,https://greenturtlekava.co/what-is-kava-used-for-a-spiritual-co-pilot/,200,https://greenturtlekava.co/wp-content/uploads/2024/05/unnamed.jpg
https://greenturtlekava.co/what-is-a-kava-bar-how-does-a-kava-bar-differ/,post,what-is-a-kava-bar-how-does-a-kava-bar-differ,Kava Bars: The #1 Emerging Healthy Alternative to Alcoholic Bars,"This article will explore the dissimilarities between kava bars and alcoholic bars, shedding light on their unique characteristics and origins.",https://greenturtlekava.co/what-is-a-kava-bar-how-does-a-kava-bar-differ/,200,https://greenturtlekava.co/wp-content/uploads/2024/02/unnamed-2.jpeg
https://greenturtlekava.co/kava-bar-what-is-a-kava-bar-what-is-kava-tea/,post,kava-bar-what-is-a-kava-bar-what-is-kava-tea,6 Awesome Ways Kava Bars Positivly Impact Local Communities,Kava bars have emerged as vibrant and unique social spaces serving kava tea. They are often characterized by their relaxed atmosphere and sense of community,https://greenturtlekava.co/kava-bar-what-is-a-kava-bar-what-is-kava-tea/,200,https://greenturtlekava.co/wp-content/uploads/2024/02/unnamed-1.jpeg
https://greenturtlekava.co/what-is-kava-s-effect-on-yoga/,post,what-is-kava-s-effect-on-yoga,What Is Kava Used For? 5 Extraordinary Synergies Between Kava & Yoga,"What is kava? Kava can be a valuable addition to a yoga practice, enhancing its benefits and promoting overall well-being.",https://greenturtlekava.co/what-is-kava-s-effect-on-yoga/,200,https://greenturtlekava.co/wp-content/uploads/2024/02/unnamed.jpeg
https://greenturtlekava.co/what-is-kava-a-remedy-for-social-anxiety/,post,what-is-kava-a-remedy-for-social-anxiety,What Is Kava? The #1 Most Helpful Natural Remedy for Social Anxiety - GREEN TURTLE KAVA BAR,What is kava? A Natural Remedy for Social Anxiety with Scientific Backing,https://greenturtlekava.co/what-is-kava-a-remedy-for-social-anxiety/,200,https://greenturtlekava.co/wp-content/uploads/2024/01/unnamed-1.jpeg
https://greenturtlekava.co/the-power-of-kava-enhancing-dating-intimacy-and-sexual-well-being/,post,the-power-of-kava-enhancing-dating-intimacy-and-sexual-well-being,"The Power of Kava: Enhancing Dating, Intimacy, and Sexual Well-Being - GREEN TURTLE KAVA BAR",,https://greenturtlekava.co/the-power-of-kava-enhancing-dating-intimacy-and-sexual-well-being/,200,https://greenturtlekava.co/wp-content/uploads/2024/01/unnamed.jpeg
https://greenturtlekava.co/exploring-the-harmonious-link-between-social-connectivity-and-kava/,post,exploring-the-harmonious-link-between-social-connectivity-and-kava,Exploring the Harmonious Link Between Social Connectivity and Kava - GREEN TURTLE KAVA BAR,,https://greenturtlekava.co/exploring-the-harmonious-link-between-social-connectivity-and-kava/,200,https://greenturtlekava.co/wp-content/uploads/2024/01/KC.jpeg
https://greenturtlekava.co/exploring-the-positive-impact-of-kava-on-the-elderly/,post,exploring-the-positive-impact-of-kava-on-the-elderly,The Positive Impact of Kava on the Elderly - GREEN TURTLE KAVA BAR,,https://greenturtlekava.co/exploring-the-positive-impact-of-kava-on-the-elderly/,200,https://greenturtlekava.co/wp-content/uploads/2023/11/unnamed-1-1.png
https://greenturtlekava.co/can-kava-make-you-happy-unveiling-the-ancient-elixirs-effects-on-mood/,post,can-kava-make-you-happy-unveiling-the-ancient-elixirs-effects-on-mood,Can Kava Make You Happy? Unveiling the Ancient Elixir's Effects on Mood - GREEN TURTLE KAVA BAR,,https://greenturtlekava.co/can-kava-make-you-happy-unveiling-the-ancient-elixirs-effects-on-mood/,200,https://greenturtlekava.co/wp-content/uploads/2023/11/unnamed.jpeg
https://greenturtlekava.co/exploring-the-world-of-mocktails-and-kava-drinks-near-you/,post,exploring-the-world-of-mocktails-and-kava-drinks-near-you,The World of Mocktails and Kava Drinks Near You - GREEN TURTLE KAVA BAR,,https://greenturtlekava.co/exploring-the-world-of-mocktails-and-kava-drinks-near-you/,200,https://greenturtlekava.co/wp-content/uploads/2023/10/unnamed.jpeg
https://greenturtlekava.co/spotting-genuine-kava-how-to-identify-authentic-kava-products/,post,spotting-genuine-kava-how-to-identify-authentic-kava-products,Spotting Genuine Kava: How to Identify Authentic Kava Products - GREEN TURTLE KAVA BAR,,https://greenturtlekava.co/spotting-genuine-kava-how-to-identify-authentic-kava-products/,200,https://greenturtlekava.co/wp-content/uploads/2023/10/DSCF9540-1024x683.jpg
https://greenturtlekava.co/the-cava-and-kava-confusion/,post,the-cava-and-kava-confusion,"Unraveling the Cava and Kava Confusion: A Guide for Those Searching ""Cava Near Me"" - GREEN TURTLE KAVA BAR",,https://greenturtlekava.co/the-cava-and-kava-confusion/,200,https://greenturtlekava.co/wp-content/uploads/2023/07/unnamed-13.jpg
https://greenturtlekava.co/exploring-delightful-mocktails-near-you/,post,exploring-delightful-mocktails-near-you,Exploring Delightful Mocktails Near You: A Sober Sipper's Guide - GREEN TURTLE KAVA BAR,,https://greenturtlekava.co/exploring-delightful-mocktails-near-you/,200,https://greenturtlekava.co/wp-content/uploads/2023/07/unnamed-12.jpg
https://greenturtlekava.co/cava-ca-va-or-kava-menu/,post,cava-ca-va-or-kava-menu,"Cava, Ca Va or Kava Menu? - GREEN TURTLE KAVA BAR",,https://greenturtlekava.co/cava-ca-va-or-kava-menu/,200,https://greenturtlekava.co/wp-content/uploads/2023/07/unnamed-10.jpg
https://greenturtlekava.co/is-it-cava-or-kava/,post,is-it-cava-or-kava,Is it Cava or Kava? - GREEN TURTLE KAVA BAR,,https://greenturtlekava.co/is-it-cava-or-kava/,200,https://greenturtlekava.co/wp-content/uploads/2023/07/unnamed-8.jpg
https://greenturtlekava.co/what-is-a-kava-bar/,post,what-is-a-kava-bar,What is a Kava Bar? - GREEN TURTLE KAVA BAR,,https://greenturtlekava.co/what-is-a-kava-bar/,200,https://greenturtlekava.co/wp-content/uploads/2023/07/unnamed-6.jpg
https://greenturtlekava.co/what-is-a-kava-drink/,post,what-is-a-kava-drink,What is a Kava Drink? - GREEN TURTLE KAVA BAR,,https://greenturtlekava.co/what-is-a-kava-drink/,200,https://greenturtlekava.co/wp-content/uploads/2023/06/unnamed-4-1.jpg
https://greenturtlekava.co/kava-products-for-sale-online/,post,kava-products-for-sale-online,Exploring the World of Kava Products for Sale Online: A Journey to Serenity and Well-Being - GREEN TURTLE KAVA BAR,,https://greenturtlekava.co/kava-products-for-sale-online/,200,https://greenturtlekava.co/wp-content/uploads/2023/06/unnamed-2-1.jpg
https://greenturtlekava.co/what-is-kava-shop/,post,what-is-kava-shop,What is Kava Shop? - GREEN TURTLE KAVA BAR,,https://greenturtlekava.co/what-is-kava-shop/,200,https://greenturtlekava.co/wp-content/uploads/2023/06/unnamed.jpg
https://greenturtlekava.co/kava-drink-fiji-a-cultural-tradition-and-relaxing-elixir/,post,kava-drink-fiji-a-cultural-tradition-and-relaxing-elixir,Kava Drink Fiji: A Cultural Tradition and Relaxing Elixir - GREEN TURTLE KAVA BAR,,https://greenturtlekava.co/kava-drink-fiji-a-cultural-tradition-and-relaxing-elixir/,200,https://greenturtlekava.co/wp-content/uploads/2023/06/unnamed-3.jpg
https://greenturtlekava.co/fijian-kava-quality/,post,fijian-kava-quality,Fijian Kava Quality - GREEN TURTLE KAVA BAR,,https://greenturtlekava.co/fijian-kava-quality/,200,https://greenturtlekava.co/wp-content/uploads/2023/06/unnamed-1.jpg
https://greenturtlekava.co/what-is-kava/,post,what-is-kava,What is kava? Learn what kava is and why it's trending in the US,What is kava? Learn what kava-kava is all about and why this ancient elixir is taking the US by storm. Your tribe is waiting - see you soon!,https://greenturtlekava.co/what-is-kava/,200,https://greenturtlekava.co/wp-content/uploads/2021/05/l1.png
https://greenturtlekava.co/event/massage-and-dry-needling-july-25/,event,massage-and-dry-needling-july-25,massage and dry needling - Green Turtle Kava Bar,"Join Massage & Dry Needling at Green Turtle Kava Bar in St. Augustine to relieve tension, improve mobility, reduce stress, and restore overall wellness.",https://greenturtlekava.co/event/massage-and-dry-needling-july-25/,200,https://greenturtlekava.co/wp-content/uploads/2026/07/Massage-Dry-Needling.png
https://greenturtlekava.co/event/live-music-july-23/,event,live-music-july-23,Live Music - Green Turtle Kava Bar,"Enjoy Live Music BOGO at Green Turtle Kava Bar on July 23, 2026, from 2–5 PM with live bands, BOGO specials, great vibes, and refreshing kava.",https://greenturtlekava.co/event/live-music-july-23/,200,https://greenturtlekava.co/wp-content/uploads/2026/07/Live-Music.png
https://greenturtlekava.co/event/dirty-bingo-july-18/,event,dirty-bingo-july-18,Dirty Bingo - Green Turtle Kava Bar,"Join Dirty Bingo at Green Turtle Kava Bar in St. Augustine on July 18, 2026, at 9 PM for hilarious games, great vibes, and an unforgettable night of fun.",https://greenturtlekava.co/event/dirty-bingo-july-18/,200,https://greenturtlekava.co/wp-content/uploads/2026/07/Dirty-Bingo.png
https://greenturtlekava.co/event/trivia-night-july-15/,event,trivia-night-july-15,Trivia Night - Green Turtle Kava Bar,"Join Trivia Night at Green Turtle Kava Bar in St. Augustine for fun questions, great company, and an evening of friendly competition.",https://greenturtlekava.co/event/trivia-night-july-15/,200,https://greenturtlekava.co/wp-content/uploads/2026/07/Trivia-Night.png
https://greenturtlekava.co/event/4th-of-july-party-2/,event,4th-of-july-party-2,4th Of July Party - Green Turtle Kava Bar,"Celebrate the 4th of July at Green Turtle Kava Bar with a live DJ, grill-out, festive vibes, and a fun community gathering in St. Augustine.",https://greenturtlekava.co/event/4th-of-july-party-2/,200,https://greenturtlekava.co/wp-content/uploads/2026/07/4th-Of-July-Party.png
https://greenturtlekava.co/event/live-music-june-25/,event,live-music-june-25,Live Music - Green Turtle Kava Bar,"Enjoy live music and BOGO hours at Green Turtle Kava Bar in St. Augustine with great vibes, good songs, and community fun.",https://greenturtlekava.co/event/live-music-june-25/,200,https://greenturtlekava.co/wp-content/uploads/2026/06/Trivia-Night-3.png
https://greenturtlekava.co/event/summer-solstice-cacao-ceremony-june-21/,event,summer-solstice-cacao-ceremony-june-21,Summer Solstice Cacao Ceremony - Green Turtle Kava Bar,"Celebrate the Summer Solstice with a free cacao ceremony at Green Turtle Kava Bar, connecting with community and honoring the light within.",https://greenturtlekava.co/event/summer-solstice-cacao-ceremony-june-21/,200,https://greenturtlekava.co/wp-content/uploads/2026/06/Summer-Solstice-Cacao-Ceremony.png
https://greenturtlekava.co/event/fathers-day-june-21/,event,fathers-day-june-21,Father's Day - Green Turtle Kava Bar,"Celebrate Father's Day at Green Turtle Kava Bar with BOGO drinks for dads, great company, and relaxing vibes in St. Augustine.",https://greenturtlekava.co/event/fathers-day-june-21/,200,https://greenturtlekava.co/wp-content/uploads/2026/06/Fathers-Day.png
https://greenturtlekava.co/event/trivia-night-june-17/,event,trivia-night-june-17,Trivia Night - Green Turtle Kava Bar,"Trivia Night at Green Turtle Kava Bar – chill vibes, smooth kava, and friendly competition. Bring your crew, test your smarts, and have a great time!",https://greenturtlekava.co/event/trivia-night-june-17/,200,https://greenturtlekava.co/wp-content/uploads/2026/06/Trivia-Night-2.png
https://greenturtlekava.co/event/plant-bingo-june-13/,event,plant-bingo-june-13,Plant Bingo - Green Turtle Kava,"Join Plant Bingo at Green Turtle Kava Bar in St. Augustine for plant trivia, prizes, community fun, and a chance to win new plants.",https://greenturtlekava.co/event/plant-bingo-june-13/,200,https://greenturtlekava.co/wp-content/uploads/2026/06/Plant-Bingo.png
https://greenturtlekava.co/event/aura-reading-june-11/,event,aura-reading-june-11,Aura Reading - Green Turtle Kava Bar,Discover your energy and gain personal insights during an Aura Reading event at Green Turtle Kava Bar in St. Augustine.,https://greenturtlekava.co/event/aura-reading-june-11/,200,https://greenturtlekava.co/wp-content/uploads/2026/06/Aura-Reading.png
https://greenturtlekava.co/event/trivia-night-june-3/,event,trivia-night-june-3,Trivia Night - Green Turtle Kava Bar,"Trivia Night at Green Turtle Kava Bar – chill vibes, smooth kava, and friendly competition. Bring your crew, test your smarts, and have a great time!",https://greenturtlekava.co/event/trivia-night-june-3/,200,https://greenturtlekava.co/wp-content/uploads/2026/06/Trivia-Night-1.png
https://greenturtlekava.co/event/karaoke-night-may-27/,event,karaoke-night-may-27,Karaoke Night - Green Turtle Kava Bar,"Sing, sip, and shine at Karaoke Night at Green Turtle Kava Bar! Grab the mic, enjoy kava, and have a night filled with music, laughter, and friends!",https://greenturtlekava.co/event/karaoke-night-may-27/,200,https://greenturtlekava.co/wp-content/uploads/2026/05/Karaoke-Night.jpg
https://greenturtlekava.co/event/memorial-day-may-25/,event,memorial-day-may-25,Memorial Day - Green Turtle Kava Bar,"Join Green Turtle Kava this Memorial Day for live DJ, great food, community vibes, and 10% off for veterans as we honor our heroes. 🇺🇸",https://greenturtlekava.co/event/memorial-day-may-25/,200,https://greenturtlekava.co/wp-content/uploads/2026/05/Memorial-Day-–-Remember-Honor-our-heroes.jpg
https://greenturtlekava.co/event/trivia-night-may-20/,event,trivia-night-may-20,Trivia Night - Green Turtle Kava Bar,"Trivia Night at Green Turtle Kava Bar – chill vibes, smooth kava, and friendly competition. Bring your crew, test your smarts, and have a great time!",https://greenturtlekava.co/event/trivia-night-may-20/,200,https://greenturtlekava.co/wp-content/uploads/2026/05/Trivia-Night-1.jpg
https://greenturtlekava.co/event/physical-therapy-and-dry-needling-may-16/,event,physical-therapy-and-dry-needling-may-16,Physical Therapy and Dry Needling - Green Turtle Kava Bar,Join Dr. Dana Scioli at Green Turtle Kava Bar for a wellness session on physical therapy and dry needling focused on recovery and mobility.,https://greenturtlekava.co/event/physical-therapy-and-dry-needling-may-16/,200,https://greenturtlekava.co/wp-content/uploads/2026/05/Physical-Therapy-and-Dry-Needling-with-Dr.-Dana-Scioli.jpg
https://greenturtlekava.co/event/live-music-may-14/,event,live-music-may-14,Live Music - Green Turtle Kava Bar,"Enjoy live music from multiple artists at Green Turtle Kava Bar in St. Augustine with chill vibes, great drinks, and exciting BOGO hours!",https://greenturtlekava.co/event/live-music-may-14/,200,https://greenturtlekava.co/wp-content/uploads/2026/05/Live-Music.jpg
https://greenturtlekava.co/event/lets-make-bookmarks-together-may-9/,event,lets-make-bookmarks-together-may-9,Bookmarks Together - Green Turtle Kava Bar,Create handmade bookmarks at Green Turtle Kava Bar in St. Augustine while enjoying relaxing vibes and a fun Mother’s Day gift idea!,https://greenturtlekava.co/event/lets-make-bookmarks-together-may-9/,200,https://greenturtlekava.co/wp-content/uploads/2026/05/Lets-Make-Bookmarks-Together.jpg
https://greenturtlekava.co/event/trivia-night-may-6/,event,trivia-night-may-6,Trivia Night - Green Turtle Kava Bar,"Trivia Night at Green Turtle Kava Bar – chill vibes, smooth kava, and friendly competition. Bring your crew, test your smarts, and have a great time!",https://greenturtlekava.co/event/trivia-night-may-6/,200,https://greenturtlekava.co/wp-content/uploads/2026/05/Trivia-Night.jpg
https://greenturtlekava.co/event/physical-therapy-april-25/,event,physical-therapy-april-25,Physical Therapy - Green Turtle Kava Bar,"Experience physical therapy and dry needling at Green Turtle Kava Bar. Relax, recover, and feel refreshed in a calming wellness session.",https://greenturtlekava.co/event/physical-therapy-april-25/,200,https://greenturtlekava.co/wp-content/uploads/2026/04/Physical-Therapy-and-Dry-Needling.jpg
https://greenturtlekava.co/event/aura-and-tarot-readings-april-19/,event,aura-and-tarot-readings-april-19,Aura and Tarot Readings - Green Turtle Kava Bar,"Enjoy Aura & Tarot Readings at Green Turtle Kava Bar! Gain insight, explore your energy, and sip kava for a night of spiritual guidance.",https://greenturtlekava.co/event/aura-and-tarot-readings-april-19/,200,https://greenturtlekava.co/wp-content/uploads/2026/04/Aura-and-Tarot-Readings.jpg
https://greenturtlekava.co/event/dirty-bingo-april-18/,event,dirty-bingo-april-18,Dirty Bingo - Green Turtle Kava Bar,"Join us for Dirty Bingo at Green Turtle Kava Bar – cheeky laughs, good vibes, and smooth kava. Game night just got a whole lot more fun!",https://greenturtlekava.co/event/dirty-bingo-april-18/,200,https://greenturtlekava.co/wp-content/uploads/2026/04/Dirty-Bingo.jpg
https://greenturtlekava.co/event/live-music-april-16/,event,live-music-april-16,Live Music - Green Turtle Kava Bar,"Enjoy live music by multiple artists at Green Turtle Kava Bar. Relax with great vibes, drinks, and special BOGO hours.",https://greenturtlekava.co/event/live-music-april-16/,200,https://greenturtlekava.co/wp-content/uploads/2026/04/LIVE-MUSIC.jpg
https://greenturtlekava.co/event/trivia-night-april-15/,event,trivia-night-april-15,Trivia Night - Green Turtle Kava Bar,"Trivia Night at Green Turtle Kava Bar – chill vibes, smooth kava, and friendly competition. Bring your crew, test your smarts, and have a great time!",https://greenturtlekava.co/event/trivia-night-april-15/,200,https://greenturtlekava.co/wp-content/uploads/2026/04/Trivia-Night-2.jpg
https://greenturtlekava.co/event/make-clay-keychains-april-11/,event,make-clay-keychains-april-11,Clay Keychains - Green Turtle Kava Bar,"Create clay keychains at Green Turtle Kava Bar. Enjoy a fun workshop, relaxing vibes, great drinks, and everything you need included.",https://greenturtlekava.co/event/make-clay-keychains-april-11/,200,https://greenturtlekava.co/wp-content/uploads/2026/04/Clay-Keychains.jpg
https://greenturtlekava.co/event/karaoke-night-march-25/,event,karaoke-night-march-25,Karaoke Night - Green Turtle Kava Bar,"Experience a lively Karaoke Night at Green Turtle Kava Bar on Dec 10! Sing, cheer, enjoy great drinks, and unwind with fun mid-week vibes.",https://greenturtlekava.co/event/karaoke-night-march-25/,200,https://greenturtlekava.co/wp-content/uploads/2026/03/Karaoke-Night.jpg
https://greenturtlekava.co/event/paint-night-march-21/,event,paint-night-march-21,Paint Night - Green Turtle Kava Bar,"Enjoy Paint Night at Green Turtle Kava Bar! Sip kava, get creative & have fun with friends in relaxed, artistic atmosphere. Let your imagination flow.",https://greenturtlekava.co/event/paint-night-march-21/,200,https://greenturtlekava.co/wp-content/uploads/2026/03/Paint-Night.jpg
https://greenturtlekava.co/event/trivia-night-march-18/,event,trivia-night-march-18,Trivia Night - Green Turtle Kava Bar,"Think you’ve got the brains to win it all? Join us for Trivia Night at Green Turtle Kava Bar-fun vibes, great kava, and free bar tabs for winners!",https://greenturtlekava.co/event/trivia-night-march-18/,200,https://greenturtlekava.co/wp-content/uploads/2026/03/Trivia-Night.jpg
https://greenturtlekava.co/event/flower-pot-painting-march-14/,event,flower-pot-painting-march-14,Flower Pot Painting - Green Turtle Kava Bar,"Join us for Flower Pot Painting at Green Turtle Kava Bar! Paint a pot, plant seeds, and enjoy a fun creative afternoon in St. Augustine.",https://greenturtlekava.co/event/flower-pot-painting-march-14/,200,https://greenturtlekava.co/wp-content/uploads/2026/03/Flower-Pot-Painting.jpg
https://greenturtlekava.co/event/live-music-march-12/,event,live-music-march-12,Live Music - Green Turtle Kava Bar,Live music and BOGO specials during the day at Green Turtle Kava Bar. The perfect spot in St. Augustine for chill vibes and great company.,https://greenturtlekava.co/event/live-music-march-12/,200,https://greenturtlekava.co/wp-content/uploads/2026/03/Live-Music.jpg
https://greenturtlekava.co/event/dirty-bingo-february-28/,event,dirty-bingo-february-28,Dirty Bingo - Green Turtle Kava Bar,"Join us for Dirty Bingo at Green Turtle Kava Bar – cheeky laughs, good vibes, and smooth kava. Game night just got a whole lot more fun!",https://greenturtlekava.co/event/dirty-bingo-february-28/,200,https://greenturtlekava.co/wp-content/uploads/2026/02/Dirty-Bingo.jpg
https://greenturtlekava.co/event/karaoke-night-february-25/,event,karaoke-night-february-25,Karaoke Night - Green Turtle Kava Bar,"Sing, sip, and shine at Karaoke Night at Green Turtle Kava Bar! Grab the mic, enjoy kava, and have a night filled with music, laughter, and friends!",https://greenturtlekava.co/event/karaoke-night-february-25/,200,https://greenturtlekava.co/wp-content/uploads/2026/02/Karaoke-Night.jpg
https://greenturtlekava.co/event/massage-and-dry-needling-february-21/,event,massage-and-dry-needling-february-21,massage and dry needling - Green Turtle Kava Bar,"Massage and Dry Needling with Dr. Dana Scioli at Green Turtle Kava in St. Augustine. Relieve pain, reduce tension, and improve mobility.",https://greenturtlekava.co/event/massage-and-dry-needling-february-21/,200,https://greenturtlekava.co/wp-content/uploads/2026/02/Massage-and-Dry-Needling-with-Dr.-Dana-Scioli.jpg
https://greenturtlekava.co/event/trivia-night-february-18/,event,trivia-night-february-18,Trivia Night - Green Turtle Kava Bar,"Trivia Night at Green Turtle Kava Bar – chill vibes, smooth kava, and friendly competition. Bring your crew, test your smarts, and have a great time!",https://greenturtlekava.co/event/trivia-night-february-18/,200,https://greenturtlekava.co/wp-content/uploads/2026/02/Trivia-Night.jpg
https://greenturtlekava.co/event/valentines-ice-cream-party-february-14/,event,valentines-ice-cream-party-february-14,Valentine’s Ice Cream Party - Green Turtle Kava Bar,"Join the Valentine’s Ice Cream Party at Green Turtle Kava Bar for sweet treats, cozy vibes, and a fun celebration on Feb 14.",https://greenturtlekava.co/event/valentines-ice-cream-party-february-14/,200,https://greenturtlekava.co/wp-content/uploads/2026/02/Valentines-Ice-Cream-Party.jpg
https://greenturtlekava.co/event/astrology-reading-january-24/,event,astrology-reading-january-24,Astrology Reading - Green Turtle Kava Bar,Join us at Green Turtle Kava Bar in St Augustine for an exciting Astrology Reading experience. Get an enchanting evening of astrology readings.,https://greenturtlekava.co/event/astrology-reading-january-24/,200,https://greenturtlekava.co/wp-content/uploads/2026/01/Astrology-Readings.jpg
https://greenturtlekava.co/event/trivia-night-january-21/,event,trivia-night-january-21,Trivia Night - Green Turtle Kava Bar,"Think you’ve got the brains to win it all? Join us for Trivia Night at Green Turtle Kava Bar—fun vibes, great kava, and free bar tabs for winners!",https://greenturtlekava.co/event/trivia-night-january-21/,200,https://greenturtlekava.co/wp-content/uploads/2026/01/Trivia-Night-Jan-21.jpg
https://greenturtlekava.co/event/aura-and-tarot-readings-january-17/,event,aura-and-tarot-readings-january-17,Aura and Tarot Readings - Green Turtle Kava Bar,"Enjoy Aura & Tarot Readings at Green Turtle Kava Bar! Gain insight, explore your energy, and sip kava for a night of spiritual guidance.",https://greenturtlekava.co/event/aura-and-tarot-readings-january-17/,200,https://greenturtlekava.co/wp-content/uploads/2026/01/Aura-Tarot-Readings.jpg
https://greenturtlekava.co/event/merry-christmas-party-december-25/,event,merry-christmas-party-december-25,Merry Christmas Party - Green Turtle Kava Bar,"Join the Christmas Day celebration at Green Turtle Kava on December 25th featuring dinner at 6 PM, live DJ music, and a holiday costume contest.",https://greenturtlekava.co/event/merry-christmas-party-december-25/,200,https://greenturtlekava.co/wp-content/uploads/2025/12/Merry-Christmas-Party.jpg
https://greenturtlekava.co/event/ugly-sweater-contest-december-20/,event,ugly-sweater-contest-december-20,Ugly Sweater Contest - Green Turtle Kava Bar,"Join Green Turtle Kava Bar for an Ugly Sweater Contest on Dec 20 at 8 PM. Festive vibes, great kava, fun competition, and holiday cheer in St. Augustine.",https://greenturtlekava.co/event/ugly-sweater-contest-december-20/,200,https://greenturtlekava.co/wp-content/uploads/2025/12/Ugly-Sweater-Contest.jpg
https://greenturtlekava.co/event/trivia-night-december-17/,event,trivia-night-december-17,Trivia Night - Green Turtle Kava Bar,"Think you’ve got the brains to win it all? Join us for Trivia Night at Green Turtle Kava Bar—fun vibes, great kava, and free bar tabs for winners!",https://greenturtlekava.co/event/trivia-night-december-17/,200,https://greenturtlekava.co/wp-content/uploads/2025/12/Trivia-Night-17.jpg
https://greenturtlekava.co/event/white-elephant-magic-tournament-dec-14/,event,white-elephant-magic-tournament-dec-14,White Elephant Magic Tournament - Green Turtle Kava Bar,"Join Green Turtle Kava Bar’s White Elephant Magic Tournament! Bring a wrapped Magic deck, swap, and battle in a fun, festive twist on competitive play.",https://greenturtlekava.co/event/white-elephant-magic-tournament-dec-14/,200,https://greenturtlekava.co/wp-content/uploads/2025/12/White-Elephant-Magic-Tournament.jpg
https://greenturtlekava.co/event/gingerbread-house-building-december-13/,event,gingerbread-house-building-december-13,Gingerbread House Building Party - Green Turtle Kava Bar,"Join Green Turtle Kava Bar for a fun Gingerbread House Building Party filled with sweets, cozy drinks, creativity, and holiday cheer for friends and families.",https://greenturtlekava.co/event/gingerbread-house-building-december-13/,200,https://greenturtlekava.co/wp-content/uploads/2025/12/Gingerbread-House-Building-Party.jpg
https://greenturtlekava.co/event/karaoke-night-december-10/,event,karaoke-night-december-10,Karaoke Night - Green Turtle Kava Bar,"Experience a lively Karaoke Night at Green Turtle Kava Bar on Dec 10! Sing, cheer, enjoy great drinks, and unwind with fun mid-week vibes.",https://greenturtlekava.co/event/karaoke-night-december-10/,200,https://greenturtlekava.co/wp-content/uploads/2025/12/Karaoke-Night.jpg
https://greenturtlekava.co/event/thanksgiving-potluck-november-27/,event,thanksgiving-potluck-november-27,Thanksgiving Potluck - Green Turtle Kava Bar,"Join us for a warm and cozy Thanksgiving Potluck at Green Turtle Kava Bar on Nov 27th at 6 PM. Enjoy good vibes, bring a dish, and celebrate.",https://greenturtlekava.co/event/thanksgiving-potluck-november-27/,200,https://greenturtlekava.co/wp-content/uploads/2025/11/THANKSGIVING-POTLUCK.jpg
https://greenturtlekava.co/event/karaoke-night-november-26/,event,karaoke-night-november-26,Karaoke Night - Green Turtle Kava Bar,"Sing, laugh, and enjoy drinks at Karaoke Night at Green Turtle Kava Bar on Wednesday, Nov 26—fun, music, good vibes, and excitement await!",https://greenturtlekava.co/event/karaoke-night-november-26/,200,https://greenturtlekava.co/wp-content/uploads/2025/11/Karaoke-Night.jpg
https://greenturtlekava.co/event/bingo-night-november-22/,event,bingo-night-november-22,Bingo Night - Green Turtle Kava Bar,Enjoy a lively evening at Green Turtle Kava Bar’s Bingo Night! Sip kava and indulge in laughter-filled fun!,https://greenturtlekava.co/event/bingo-night-november-22/,200,https://greenturtlekava.co/wp-content/uploads/2025/11/Bingo-Night.jpg
https://greenturtlekava.co/event/trivia-night-november-19/,event,trivia-night-november-19,Trivia Night - Green Turtle Kava Bar,"Join Trivia Night at Green Turtle Kava Bar on November 19 at 8 PM, fun trivia games, great vibes, and awesome free bar tabs for the winners!",https://greenturtlekava.co/event/trivia-night-november-19/,200,https://greenturtlekava.co/wp-content/uploads/2025/11/Trivia-Night-Green-Turtle-Kava-Bar.jpg
https://greenturtlekava.co/event/astrology-and-birth-chart-readings-nov-15/,event,astrology-and-birth-chart-readings-nov-15,Astrology And Birth Chart Readings - Green Turtle Kava Bar,"Astrology and birth chart readings on Nov 15 at Green Turtle Kava Bar—discover insights, guidance, and cosmic clarity in a calm, welcoming space.",https://greenturtlekava.co/event/astrology-and-birth-chart-readings-nov-15/,200,https://greenturtlekava.co/wp-content/uploads/2025/11/Astrology-And-Birth-Chart-Readings.jpg
https://greenturtlekava.co/event/halloween-costume-party-oct-31/,event,halloween-costume-party-oct-31,Halloween Costume Party - Green Turtle Kava Bar,"Celebrate Halloween at Green Turtle Kava Bar on Friday, Oct 31! Dress up, win bar tabs, enjoy music, laughs, and spooky fun with friends.",https://greenturtlekava.co/event/halloween-costume-party-oct-31/,200,https://greenturtlekava.co/wp-content/uploads/2025/10/Halloween-Costume-Party-at-Green-Turtle-Kava-Bar.jpg
https://greenturtlekava.co/event/karaoke-night-october-29/,event,karaoke-night-october-29,Karaoke Night - Green Turtle Kava Bar,"Sing, laugh, and enjoy drinks at Karaoke Night at Green Turtle Kava Bar on Wednesday, Oct 19—fun, music, good vibes, and excitement await!",https://greenturtlekava.co/event/karaoke-night-october-29/,200,https://greenturtlekava.co/wp-content/uploads/2025/10/Karaoke-Night-GREEN-TURTLE-KAVA-BAR.jpg
https://greenturtlekava.co/event/black-ops-zombie-battel-october-19/,event,black-ops-zombie-battel-october-19,Black OPS 6 Zombie Battel - Green Turtle Kava Bar,"Survive the undead in Call of Duty: Black Ops 6 Zombie Battle at Green Turtle Kava Bar, St. Augustine, thrills, strategy, fun, and excitement await!",https://greenturtlekava.co/event/black-ops-zombie-battel-october-19/,200,https://greenturtlekava.co/wp-content/uploads/2025/10/Call-of-Duty-Black-Ops-6-Zombie-Battle-at-Green-Turtle-Kava-Bar.jpg
https://greenturtlekava.co/event/aura-and-tarot-readings-october-18/,event,aura-and-tarot-readings-october-18,Aura and Tarot Readings - Green Turtle Kava Bar,"Enjoy Aura & Tarot Readings at Green Turtle Kava Bar! Gain insight, explore your energy, and sip kava for a night of spiritual guidance.",https://greenturtlekava.co/event/aura-and-tarot-readings-october-18/,200,https://greenturtlekava.co/wp-content/uploads/2025/10/Aura-and-Tarot-Readings-at-Green-Turtle-Kava-Bar.jpg
https://greenturtlekava.co/event/trivia-night-october-15/,event,trivia-night-october-15,Trivia Night - Green Turtle Kava Bar,"Join Trivia Night at Green Turtle Kava Bar on Oct 15 at 8 PM, fun trivia games, great vibes, and awesome free bar tabs for the winners!",https://greenturtlekava.co/event/trivia-night-october-15/,200,https://greenturtlekava.co/wp-content/uploads/2025/10/Trivia-Night.jpg
https://greenturtlekava.co/event/vampire-ball-october-11/,event,vampire-ball-october-11,Vampire Ball Anniversary Party - Green Turtle Kava Bar,"Join the 4th Vampire Ball at Green Turtle Kava Bar in St. Augustine on Oct 11 at 8 PM for a night of DJ beats, kava, herbal drinks, and spooky fun.",https://greenturtlekava.co/event/vampire-ball-october-11/,200,https://greenturtlekava.co/wp-content/uploads/2025/10/Vampire-Ball-Anniversary-Party-with-DJ-at-Green-Turtle-Kava-Bar.png
https://greenturtlekava.co/event/open-mic-night-october-6/,event,open-mic-night-october-6,Open Mic Night - Green Turtle Kava Bar,"Express yourself at Open Mic Night! Music, comedy, poetry & more, all acts welcome. Sip kava and enjoy the creativity at Green Turtle Kava Bar.",https://greenturtlekava.co/event/open-mic-night-october-6/,200,https://greenturtlekava.co/wp-content/uploads/2025/10/Open-Mic-Night-at-Green-Turtle-Kava-Bar.png
https://greenturtlekava.co/event/physical-therapy-october-4/,event,physical-therapy-october-4,Physical Therapy - Green Turtle Kava Bar,"Join us at Green Turtle Kava Bar on Sat, Oct 4, for expert Physical Therapy tips, kava, herbal teas, and great vibes.",https://greenturtlekava.co/event/physical-therapy-october-4/,200,https://greenturtlekava.co/wp-content/uploads/2025/10/Physical-Therapy-at-Green-Turtle-Kava.png
https://greenturtlekava.co/event/edm-night-live-with-dj-may-15/,event,edm-night-live-with-dj-may-15,EDM Night Live with DJ,"Join us for EDM Night at Green Turtle Kava Bar with a live DJ, epic vibes, and your favorite kava in hand.",https://greenturtlekava.co/event/edm-night-live-with-dj-may-15/,200,https://greenturtlekava.co/wp-content/uploads/2025/05/EDM-Night-Live-with-DJ-at-Green-Turtle-Kava.jpg
https://greenturtlekava.co/event/trivia-night-may-7/,event,trivia-night-may-7,Trivia Night - Green Turtle Kava Bar,"Think you’ve got the brains to win it all? Join us for Trivia Night at Green Turtle Kava Bar—fun vibes, great kava, and free bar tabs for winners!",https://greenturtlekava.co/event/trivia-night-may-7/,200,https://greenturtlekava.co/wp-content/uploads/2025/05/Trivia-Night-at-Green-Turtle-Kava-Bar.jpg
https://greenturtlekava.co/event/open-mic-night-may-5/,event,open-mic-night-may-5,Open Mic Night - Green Turtle Kava Bar,"Express yourself at Open Mic Night! Music, comedy, poetry & more—all acts welcome. Sip kava and enjoy the creativity at Green Turtle Kava Bar.",https://greenturtlekava.co/event/open-mic-night-may-5/,200,https://greenturtlekava.co/wp-content/uploads/2025/05/Open-Mic-at-Green-Turtle-Kava-Bar.jpg
https://greenturtlekava.co/event/karaoke-night-april-30/,event,karaoke-night-april-30,Karaoke Night - Green Turtle Kava Bar,"Sing, sip kava, and shine at Green Turtle Kava Bar’s Karaoke Night! Join us for music, laughs, and a night full of good vibes & great performances.",https://greenturtlekava.co/event/karaoke-night-april-30/,200,https://greenturtlekava.co/wp-content/uploads/2025/04/Karaoke-Night-at-Green-Turtle-Kava-Bar.jpg
https://greenturtlekava.co/event/trivia-night-april-23/,event,trivia-night-april-23,Trivia Night - Green Turtle Kava Bar,"Test your knowledge at Trivia Night at Green Turtle Kava Bar! Fun vibes, kava, team play, and free bar tabs for the winners!",https://greenturtlekava.co/event/trivia-night-april-23/,200,https://greenturtlekava.co/wp-content/uploads/2025/04/Trivia-Night-at-Green-Turtle-Kava-Bar-1.jpg
https://greenturtlekava.co/event/easter-egg-hunt-april-20/,event,easter-egg-hunt-april-20,Easter Egg Hunt - Green Turtle Kava Bar,"Easter Egg Hunt at Green Turtle Kava Bar! Join the fun with hidden prizes, free drinks, candy, and great vibes for friends and family all night long!",https://greenturtlekava.co/event/easter-egg-hunt-april-20/,200,https://greenturtlekava.co/wp-content/uploads/2025/04/Easter-Egg-Hunt-at-Green-Turtle-Kava-Bar.jpg
https://greenturtlekava.co/event/physical-therapy-night-april-19/,event,physical-therapy-night-april-19,Physical Therapy Night - Green Turtle Kava Bar,"Physical Therapy Night at Green Turtle Kava Bar combined expert advice, healing movement, and chill vibes for a relaxed and educational evening.",https://greenturtlekava.co/event/physical-therapy-night-april-19/,200,https://greenturtlekava.co/wp-content/uploads/2025/04/Physical-Therapy-Night-at-Green-Turtle-Kava-Bar.jpg
https://greenturtlekava.co/event/trivia-night-april-16/,event,trivia-night-april-16,Trivia Night - Green Turtle Kava Bar,"Trivia Night at Green Turtle Kava Bar – chill vibes, smooth kava, and friendly competition. Bring your crew, test your smarts, and have a great time!",https://greenturtlekava.co/event/trivia-night-april-16/,200,https://greenturtlekava.co/wp-content/uploads/2025/04/Trivia-Night-at-Green-Turtle-Kava-Bar.jpg
https://greenturtlekava.co/event/dirty-bingo-april-12/,event,dirty-bingo-april-12,Dirty Bingo - Green Turtle Kava Bar,"Join us for Dirty Bingo at Green Turtle Kava Bar – cheeky laughs, good vibes, and smooth kava. Game night just got a whole lot more fun!",https://greenturtlekava.co/event/dirty-bingo-april-12/,200,https://greenturtlekava.co/wp-content/uploads/2025/04/Dirty-Bingo-at-Green-Turtle-Kava-Bar.jpg
https://greenturtlekava.co/event/open-mic-night-april-7/,event,open-mic-night-april-7,Open Mic Night - Green Turtle Kava Bar,"Join Open Mic Night at The Green Turtle Kava Bar! Showcase your talent, enjoy kava, & connect with a lively crowd for a night of creativity and fun.",https://greenturtlekava.co/event/open-mic-night-april-7/,200,https://greenturtlekava.co/wp-content/uploads/2025/04/open-mic-night.jpg
https://greenturtlekava.co/event/trivia-night-april-2/,event,trivia-night-april-2,Trivia Night - Green Turtle Kava Bar,"Test your knowledge at Trivia Night at Green Turtle Kava Bar! Enjoy fun questions, great company, and a chance to win free tabs. Bring your friends!",https://greenturtlekava.co/event/trivia-night-april-2/,200,https://greenturtlekava.co/wp-content/uploads/2025/04/trivia-night.jpg
https://greenturtlekava.co/event/aura-and-tarot-reading-march-28/,event,aura-and-tarot-reading-march-28,Aura and Tarot Readings - Green Turtle Kava Bar,"Enjoy Aura & Tarot Readings at Green Turtle Kava Bar! Gain insight, explore your energy, and sip kava for a night of spiritual guidance.",https://greenturtlekava.co/event/aura-and-tarot-reading-march-28/,200,https://greenturtlekava.co/wp-content/uploads/2025/03/Aura-and-Tarot-Readings.jpg
https://greenturtlekava.co/event/karaoke-night-march-26/,event,karaoke-night-march-26,Karaoke Night - Green Turtle Kava Bar,"Sing, sip, and shine at Karaoke Night at Green Turtle Kava Bar! Grab the mic, enjoy kava, and have a night filled with music, laughter, and friends!",https://greenturtlekava.co/event/karaoke-night-march-26/,200,https://greenturtlekava.co/wp-content/uploads/2025/03/Karaoke-Night.jpg
https://greenturtlekava.co/event/trivia-night-march-19/,event,trivia-night-march-19,Trivia Night - Green Turtle Kava Bar,"Test your knowledge at Trivia Night at Green Turtle Kava Bar! Enjoy a night of challenging questions, laughter, and kava with friends.",https://greenturtlekava.co/event/trivia-night-march-19/,200,https://greenturtlekava.co/wp-content/uploads/2025/03/Trivia-Night-JPG.jpg
https://greenturtlekava.co/event/nintendo-mario-party-face-off-march-15/,event,nintendo-mario-party-face-off-march-15,Nintendo Mario Party Face-off - Green Turtle Kava Bar,"Join the Nintendo Mario Party Face-Off at Green Turtle Kava Bar! Compete, play mini-games, & enjoy a fun-filled night of gaming, laughter, & kava!",https://greenturtlekava.co/event/nintendo-mario-party-face-off-march-15/,200,https://greenturtlekava.co/wp-content/uploads/2025/03/Nintendo-Mario-Party-Face-off.jpg
https://greenturtlekava.co/event/paint-night-march-12/,event,paint-night-march-12,Paint Night - Green Turtle Kava Bar,"Enjoy Paint Night at Green Turtle Kava Bar! Sip kava, get creative & have fun with friends in relaxed, artistic atmosphere. Let your imagination flow.",https://greenturtlekava.co/event/paint-night-march-12/,200,https://greenturtlekava.co/wp-content/uploads/2025/03/paint-night.jpg
https://greenturtlekava.co/event/trivia-night-march-5/,event,trivia-night-march-5,Trivia Night - Green Turtle Kava Bar,"Test your knowledge at Trivia Night at Green Turtle Kava Bar! Compete, sip kava, and win free tabs in a fun, lively atmosphere.",https://greenturtlekava.co/event/trivia-night-march-5/,200,https://greenturtlekava.co/wp-content/uploads/2025/03/Trivia-night.jpg
https://greenturtlekava.co/event/dirty-bingo-february-26/,event,dirty-bingo-february-26,Dirty Bingo - GREEN TURTLE KAVA BAR,"Dirty Bingo at Green Turtle Kava Bar! Enjoy a wild night of laughs, surprises, & kava. Grab your friends, play, sip, & make unforgettable memories!",https://greenturtlekava.co/event/dirty-bingo-february-26/,200,https://greenturtlekava.co/wp-content/uploads/2025/02/dirty-bingo.jpg
https://greenturtlekava.co/event/trivia-night-february-19/,event,trivia-night-february-19,Trivia Night - Green Turtle Kava Bar,"Trivia Night at Green Turtle Kava Bar! Test your knowledge, compete with friends, and enjoy a fun-filled evening with great vibes and kava.",https://greenturtlekava.co/event/trivia-night-february-19/,200,https://greenturtlekava.co/wp-content/uploads/2025/02/trivianight.jpg
https://greenturtlekava.co/event/aura-tarot-reading-february-15/,event,aura-tarot-reading-february-15,Aura and Tarot Reading - Green Turtle Kava Bar,"Experience Aura & Tarot Readings at Green Turtle Kava Bar! Uncover hidden truths, explore your energy, and enjoy a mystical evening with kava.",https://greenturtlekava.co/event/aura-tarot-reading-february-15/,200,https://greenturtlekava.co/wp-content/uploads/2025/02/Aura-Tarot-Reading.jpg
https://greenturtlekava.co/event/karaoke-night-february-12/,event,karaoke-night-february-12,Karaoke Night - Green Turtle Kava Bar,"Join Karaoke Night at Green Turtle Kava Bar! Sing your favorite songs, enjoy great vibes, and sip on delicious kava for a fun-filled night with friends!",https://greenturtlekava.co/event/karaoke-night-february-12/,200,https://greenturtlekava.co/wp-content/uploads/2025/02/Karaoke-Night.jpg
https://greenturtlekava.co/event/open-mic-february-7/,event,open-mic-february-7,Open Mic - Green Turtle Kava Bar,"Green Turtle Kava Bar’s Open Mic Night! All acts are welcome—bring your music, poetry, comedy, or any creative performance.",https://greenturtlekava.co/event/open-mic-february-7/,200,https://greenturtlekava.co/wp-content/uploads/2025/02/Open-Mic-3.jpg
https://greenturtlekava.co/event/trivia-night-february-5/,event,trivia-night-february-5,Trivia Night - Green Turtle Kava Bar,Join the fun at Green Turtle Kava Bar’s Trivia Night! Compete for free bar tabs while enjoying great vibes and kava drinks.,https://greenturtlekava.co/event/trivia-night-february-5/,200,https://greenturtlekava.co/wp-content/uploads/2025/02/trivia-night-9.jpg
https://greenturtlekava.co/event/trivia-night-january-15/,event,trivia-night-january-15,Trivia Night - Green Turtle Kava Bar,Join the fun at Green Turtle Kava Bar’s Trivia Night! Compete for free bar tabs while enjoying great vibes and kava drinks.,https://greenturtlekava.co/event/trivia-night-january-15/,200,https://greenturtlekava.co/wp-content/uploads/2025/01/trivia-night-8.jpg
https://greenturtlekava.co/event/astrology-readings-january-18/,event,astrology-readings-january-18,Astrology Readings - Green Turtle Kava Bar,Join us at Green Turtle Kava Bar in St Augustine for an exciting Astrology Reading experience. Get an enchanting evening of astrology readings.,https://greenturtlekava.co/event/astrology-readings-january-18/,200,https://greenturtlekava.co/wp-content/uploads/2025/01/astrology.jpg
https://greenturtlekava.co/event/dirty-bingo-january-11/,event,dirty-bingo-january-11,Dirty Bingo - GREEN TURTLE KAVA BAR,Enjoy a lively evening at Green Turtle Kava Bar’s Dirty Bingo! Sip kava and indulge in laughter-filled fun!,https://greenturtlekava.co/event/dirty-bingo-january-11/,200,https://greenturtlekava.co/wp-content/uploads/2025/01/dirty-bingo-3.jpg
https://greenturtlekava.co/event/open-mic-january-3/,event,open-mic-january-3,Open Mic - Green Turtle Kava Bar,"Green Turtle Kava Bar hosts an Open Mic Night, inviting all acts to perform in a relaxed, supportive setting. Whether you’re a musician, comedian.",https://greenturtlekava.co/event/open-mic-january-3/,200,https://greenturtlekava.co/wp-content/uploads/2025/01/open-mic-2.jpg
https://greenturtlekava.co/event/ladies-night-december-26/,event,ladies-night-december-26,Ladies Night - Green Turtle Kava Bar,"Celebrate Ladies Night at Green Turtle Kava Bar! Enjoy BOGO drinks from 7–11 PM, great vibes, and fun with friends.",https://greenturtlekava.co/event/ladies-night-december-26/,200,https://greenturtlekava.co/wp-content/uploads/2024/12/ladies-night.png
https://greenturtlekava.co/event/christmas-dinner-december-25/,event,christmas-dinner-december-25,Christmas Dinner - Green Turtle Kava Bar,"Celebrate Christmas with dinner and kava at Green Turtle Kava Bar. Joy, food, and festive vibes await!",https://greenturtlekava.co/event/christmas-dinner-december-25/,200,https://greenturtlekava.co/wp-content/uploads/2024/12/Christmas-Dinner.gif
https://greenturtlekava.co/event/xmas-cooking-decorating-december-23/,event,xmas-cooking-decorating-december-23,Xmas Cooking Decorating - Green Turtle Kava Bar,"Join Green Turtle Kava Bar for an Xmas Cookie Decorating Party! Create festive treats, sip kava, and enjoy holiday fun!",https://greenturtlekava.co/event/xmas-cooking-decorating-december-23/,200,https://greenturtlekava.co/wp-content/uploads/2024/12/Xmas-Cooking-Decorating.png
https://greenturtlekava.co/event/trivia-night-december-18/,event,trivia-night-december-18,Trivia Night - Green Turtle Kava Bar,Join the fun at Green Turtle Kava Bar’s Trivia Night! Compete for free bar tabs while enjoying great vibes and kava drinks.,https://greenturtlekava.co/event/trivia-night-december-18/,200,https://greenturtlekava.co/wp-content/uploads/2024/12/trivia-night-3-1.png
https://greenturtlekava.co/event/tarot-aura-photography-december-14/,event,tarot-aura-photography-december-14,Tarot and Aura Photography - Green Turtle Kava Bar,Explore your energy with tarot readings and aura photography at Green Turtle Kava Bar. Enjoy kava drinks and a night of self-discovery!,https://greenturtlekava.co/event/tarot-aura-photography-december-14/,200,https://greenturtlekava.co/wp-content/uploads/2024/12/Tarot-and-Aura-Photography.png
https://greenturtlekava.co/event/ornament-painting-party-december-7/,event,ornament-painting-party-december-7,Ornament Painting Party - Green Turtle Kava Bar,Get festive at Green Turtle Kava Bar’s Ornament Painting Party! Gather your friends and family to create personalized holiday ornaments.,https://greenturtlekava.co/event/ornament-painting-party-december-7/,200,https://greenturtlekava.co/wp-content/uploads/2024/12/ornament-painting-party.png
https://greenturtlekava.co/event/open-mic-december-6/,event,open-mic-december-6,Open Mic - Green Turtle Kava Bar,"Green Turtle Kava Bar hosts an Open Mic Night, inviting all acts to perform in a relaxed, supportive setting. Whether you’re a musician, comedian.",https://greenturtlekava.co/event/open-mic-december-6/,200,https://greenturtlekava.co/wp-content/uploads/2024/12/open-mic-2.png
https://greenturtlekava.co/event/trivia-night-december-4/,event,trivia-night-december-4,Trivia Night - Green Turtle Kava Bar,"Green Turtle Kava Bar’s trivia night gives participants the chance to win free tabs for the winning teams, all while enjoying refreshing kava drinks.",https://greenturtlekava.co/event/trivia-night-december-4/,200,https://greenturtlekava.co/wp-content/uploads/2024/12/trivia-night-3.png
https://greenturtlekava.co/event/thanks-giving-dinner-november-28/,event,thanks-giving-dinner-november-28,Thanks Giving Dinner - Green Turtle Kava Bar,Join us at t Green Turtle Kava Bar in St Augustine.,https://greenturtlekava.co/event/thanks-giving-dinner-november-28/,200,https://greenturtlekava.co/wp-content/uploads/2024/11/thanks-giving-dinner.jpg
https://greenturtlekava.co/event/ladies-night-november-21/,event,ladies-night-november-21,Ladies Night - Green Turtle Kava Bar,Join us at ladies night Green Turtle Kava Bar in St Augustine.,https://greenturtlekava.co/event/ladies-night-november-21/,200,https://greenturtlekava.co/wp-content/uploads/2024/11/ladies-night.jpg
https://greenturtlekava.co/event/trivia-night-november-20/,event,trivia-night-november-20,Trivia Night - Green Turtle Kava Bar,"Green Turtle Kava Bar’s trivia night gives participants the chance to win free tabs for the winning teams, all while enjoying refreshing kava drinks.",https://greenturtlekava.co/event/trivia-night-november-20/,200,https://greenturtlekava.co/wp-content/uploads/2024/11/trivia-night-7.jpg
https://greenturtlekava.co/event/dirty-bingo-november-13/,event,dirty-bingo-november-13,Dirty Bingo - GREEN TURTLE KAVA BAR,Join Dirty Bingo at Green Turtle Kava Bar’s in St Augustine for a fun night of bingo and kava drinks.,https://greenturtlekava.co/event/dirty-bingo-november-13/,200,https://greenturtlekava.co/wp-content/uploads/2024/11/Dirty-Bingo-2.jpg
https://greenturtlekava.co/event/veterans-day-november-11/,event,veterans-day-november-11,Veterans Day - Green Turtle Kava Bar,Veterans Day at Green Turtle Kava Bar with a special BOGO drink offer exclusively for veterans and first responders as a way of saying thank you.,https://greenturtlekava.co/event/veterans-day-november-11/,200,https://greenturtlekava.co/wp-content/uploads/2024/11/veterans-day.jpg
https://greenturtlekava.co/event/trivia-night-november-6/,event,trivia-night-november-6,Trivia Night - Green Turtle Kava Bar,"Green Turtle Kava Bar’s trivia night gives participants the chance to win free tabs for the winning teams, all while enjoying refreshing kava drinks.",https://greenturtlekava.co/event/trivia-night-november-6/,200,https://greenturtlekava.co/wp-content/uploads/2024/11/trivia-night-6.jpg
https://greenturtlekava.co/event/open-mic-november-4/,event,open-mic-november-4,Open Mic - Green Turtle Kava Bar,"All acts are welcome at Green Turtle Kava Bar’s open mic night, to perform in a supportive and creative atmosphere.",https://greenturtlekava.co/event/open-mic-november-4/,200,https://greenturtlekava.co/wp-content/uploads/2024/11/open-mic.jpg
https://greenturtlekava.co/event/astrology-readings-november-2/,event,astrology-readings-november-2,Astrology Readings - Green Turtle Kava Bar,Join us at Green Turtle Kava Bar in St Augustine for an exciting Astrology Reading experience. Get an enchanting evening of astrology readings.,https://greenturtlekava.co/event/astrology-readings-november-2/,200,https://greenturtlekava.co/wp-content/uploads/2024/11/Astrology-Readings.jpg
https://greenturtlekava.co/event/halloween-costume-party-october-31/,event,halloween-costume-party-october-31,Halloween Costume Party - Green Turtle Kava Bar,Celebrate Halloween at Green Turtle Kava Bar’s Halloween Costume Party! Put on your best costume and compete for a chance to win free tabs.,https://greenturtlekava.co/event/halloween-costume-party-october-31/,200,https://greenturtlekava.co/wp-content/uploads/2024/10/Halloween-Costume-Party.png
https://greenturtlekava.co/event/vampire-ball-october-19/,event,vampire-ball-october-19,Vampire Ball - Green Turtle Kava Bar,Celebrate Green Turtle Kava Bar's 3rd anniversary with a Vampire Ball! Put on your best vampire attire and enjoy a night of themed fun & music.,https://greenturtlekava.co/event/vampire-ball-october-19/,200,https://greenturtlekava.co/wp-content/uploads/2024/10/vampire-ball.png
https://greenturtlekava.co/event/trivia-night-october-16/,event,trivia-night-october-16,Trivia Night - Green Turtle Kava Bar,"Trivia Night at Green Turtle Kava Bar! Join us for a fun-filled evening of challenging questions, friendly competition, free tabs & great company.",https://greenturtlekava.co/event/trivia-night-october-16/,200,https://greenturtlekava.co/wp-content/uploads/2024/10/trivia-night-2.png
https://greenturtlekava.co/event/tarot-and-aura-readings-october-12/,event,tarot-and-aura-readings-october-12,Tarot and Aura Readings - Green Turtle Kava Bar,"Experience the mystical world of Aura and Tarot Readings at Green Turtle Kava Bar! Unwind with kava drinks & get insights into your past, present, and future.",https://greenturtlekava.co/event/tarot-and-aura-readings-october-12/,200,https://greenturtlekava.co/wp-content/uploads/2024/10/Tarot-and-Aura-Readings.png
https://greenturtlekava.co/event/open-mic-october-7/,event,open-mic-october-7,Open Mic- GREEN TURTLE KAVA BAR,"Join Green Turtle Kava Bar’s open mic night, where all acts are welcome to perform in a supportive and creative atmosphere.",https://greenturtlekava.co/event/open-mic-october-7/,200,https://greenturtlekava.co/wp-content/uploads/2024/10/open-mic.png
https://greenturtlekava.co/event/decades-night-october-4/,event,decades-night-october-4,Decade Night - GREEN TURTLE KAVA BAR,Decades Night at Green Turtle Kava Bar! Join us for a journey through of music beginning with 80s and 90s and decades costume party.,https://greenturtlekava.co/event/decades-night-october-4/,200,https://greenturtlekava.co/wp-content/uploads/2024/10/decade-night.jpg
https://greenturtlekava.co/event/trivia-night-october-2/,event,trivia-night-october-2,Trivia Night - GREEN TURTLE KAVA BAR,"Trivia Night at Green Turtle Kava Bar! Join us for a fun-filled evening of challenging questions, friendly competition, free tabs & great company.",https://greenturtlekava.co/event/trivia-night-october-2/,200,https://greenturtlekava.co/wp-content/uploads/2024/10/trivia-night-1024x1024.png
https://greenturtlekava.co/event/spelling-bee-september-25/,event,spelling-bee-september-25,Spelling Bee - GREEN TURTLE KAVA BAR,Join green turtle kava bar for a fun and engaging spelling bee event which is held in St. Augustine.,https://greenturtlekava.co/event/spelling-bee-september-25/,200,https://greenturtlekava.co/wp-content/uploads/2024/09/spelling-bee.jpg
https://greenturtlekava.co/event/trivia-night-september-18/,event,trivia-night-september-18,Trivia Night - GREEN TURTLE KAVA BAR,"Trivia Night at Green Turtle Kava Bar! Join us for a fun-filled evening of challenging questions, friendly competition & great company.",https://greenturtlekava.co/event/trivia-night-september-18/,200,https://greenturtlekava.co/wp-content/uploads/2024/09/trivia-night-4.jpg
https://greenturtlekava.co/event/dirty-bingo-september-14/,event,dirty-bingo-september-14,Dirty Bingo - GREEN TURTLE KAVA BAR,Join Dirty Bingo at Green Turtle Kava Bar’s in St Augustine for a fun night of bingo and kava drinks.,https://greenturtlekava.co/event/dirty-bingo-september-14/,200,https://greenturtlekava.co/wp-content/uploads/2024/09/dirty-bingo.jpg
https://greenturtlekava.co/event/trivia-night-september-4/,event,trivia-night-september-4,Trivia Night - GREEN TURTLE KAVA BAR,"Trivia Night at Green Turtle Kava Bar! Join us for a fun-filled evening of challenging questions, friendly competition, prizes & great company.",https://greenturtlekava.co/event/trivia-night-september-4/,200,https://greenturtlekava.co/wp-content/uploads/2024/09/trivia-night-3.jpg
https://greenturtlekava.co/event/open-mic-september-2/,event,open-mic-september-2,Open Mic - GREEN TURTLE KAVA BAR,Showcase your talent at our lively open mic night at the St Augustine's Green Turtle Kava bar.,https://greenturtlekava.co/event/open-mic-september-2/,200,https://greenturtlekava.co/wp-content/uploads/2024/09/Sept-1st.jpg
https://greenturtlekava.co/event/ladies-night-august-30/,event,ladies-night-august-30,Ladies Night - Green Turtle Kava Bar,Join us at ladies night Green Turtle Kava Bar in St Augustine.,https://greenturtlekava.co/event/ladies-night-august-30/,200,https://greenturtlekava.co/wp-content/uploads/2024/08/Ladies-Night.jpg
https://greenturtlekava.co/event/trivia-night-august-28/,event,trivia-night-august-28,Trivia Night - Green Turtle Kava Bar,Join us at Trivia Night Green Turtle Kava Bar in St Augustine.,https://greenturtlekava.co/event/trivia-night-august-28/,200,https://greenturtlekava.co/wp-content/uploads/2024/07/Trivia-Night-2-1.jpg
https://greenturtlekava.co/event/tarot-and-aura-readings-august-24/,event,tarot-and-aura-readings-august-24,Tarot and Aura Readings - Green Turtle Kava,"Experience the mystical world of Aura and Tarot Readings at Green Turtle Kava Bar! Unwind with kava drinks & get insights into your past, present, and future.",https://greenturtlekava.co/event/tarot-and-aura-readings-august-24/,200,https://greenturtlekava.co/wp-content/uploads/2024/08/Aura-and-Tarot-Readings.jpg
https://greenturtlekava.co/event/trivia-night-august-21/,event,trivia-night-august-21,Trivia Night - Green Turtle Kava Bar,"Trivia Night at Green Turtle Kava Bar! Join us for a fun-filled evening of challenging questions, friendly competition, & great company.",https://greenturtlekava.co/event/trivia-night-august-21/,200,https://greenturtlekava.co/wp-content/uploads/2024/07/trivia-night.jpg
https://greenturtlekava.co/event/astrology-august-17/,event,astrology-august-17,Astrology - Green Turtle Kava Bar,Join us at Green Turtle Kava Bar in St Augustine for an exciting Astrology Reading experience. Get an enchanting evening of astrology readings.,https://greenturtlekava.co/event/astrology-august-17/,200,https://greenturtlekava.co/wp-content/uploads/2024/07/Astrology-reading.jpg
https://greenturtlekava.co/event/paint-night-august-10/,event,paint-night-august-10,Paint Night - Green Turtle Kava Bar,Unleash your creativity at Paint Night at Green Turtle Kava Bar! Join us for a fun and relaxing group painting session where you can enjoy kava drinks.,https://greenturtlekava.co/event/paint-night-august-10/,200,https://greenturtlekava.co/wp-content/uploads/2024/07/Paint-Night-1.jpg
https://greenturtlekava.co/event/open-mic/,event,open-mic,Open Mic - GREEN TURTLE KAVA BAR,,https://greenturtlekava.co/event/open-mic/,200,https://greenturtlekava.co/wp-content/uploads/2024/08/Aug-3rd.jpg
https://greenturtlekava.co/event/trivia-night-july-31/,event,trivia-night-july-31,Trivia Night - Green Turtle Kava Bar,"Test your knowledge on Trivia Night at Green Turtle Kava Bar! Join us for a fun-filled evening of challenging questions, friendly competition, & great company.",https://greenturtlekava.co/event/trivia-night-july-31/,200,https://greenturtlekava.co/wp-content/uploads/2024/07/Trivia-Night-2.jpg
https://greenturtlekava.co/event/4th-of-july-party/,event,4th-of-july-party,4th Of July Party - Green Turtle Kava Bar,"Celebrate the 4th of July at Green Turtle Kava Bar! Join us for a festive evening filled with delicious kava, live music, and a spectacular fireworks display.",https://greenturtlekava.co/event/4th-of-july-party/,200,https://greenturtlekava.co/wp-content/uploads/2024/07/4th-of-july-party.jpg
https://greenturtlekava.co/event/trivia-night-july-17/,event,trivia-night-july-17,Trivia Night - Green Turtle Kava Bar,Join us at Trivia Night Green Turtle Kava Bar in St Augustine.,https://greenturtlekava.co/event/trivia-night-july-17/,200,https://greenturtlekava.co/wp-content/uploads/2024/07/Trivia-Night-July-17th.jpg
https://greenturtlekava.co/event/tarot-and-aura-readings/,event,tarot-and-aura-readings,Tarot and Aura Readings - Green Turtle Kava Bar,"Experience the mystical world of Tarot and Aura Readings at Green Turtle Kava Bar. Unwind with kava drinks & get insights into your past, present, and future.",https://greenturtlekava.co/event/tarot-and-aura-readings/,200,https://greenturtlekava.co/wp-content/uploads/2024/07/Tarot-and-Aura-Readings.jpg
https://greenturtlekava.co/event/paint-night-july-27/,event,paint-night-july-27,Paint Night - Green Turtle Kava Bar,Unleash your creativity at Paint Night at Green Turtle Kava Bar! Join us for a fun and relaxing group painting session where you can enjoy kava drinks.,https://greenturtlekava.co/event/paint-night-july-27/,200,https://greenturtlekava.co/wp-content/uploads/2024/07/Paint-Night.jpg
https://greenturtlekava.co/event/custom-clothing-with-chaz/,event,custom-clothing-with-chaz,Custom Clothing With Chaz - Green Turtle Kava Bar,"Join us at Green Turtle Kava Bar for a special Custom Clothing with Chaz event! Explore unique custom clothes, stickers, and car details at Chaz's table.",https://greenturtlekava.co/event/custom-clothing-with-chaz/,200,https://greenturtlekava.co/wp-content/uploads/2024/07/Custom-Clothing-With-Chaz.jpg
https://greenturtlekava.co/event/open-mic-july-1/,event,open-mic-july-1,"Open Mic at Green Turtle Kava Bar, St Augustine",Showcase your talent at our lively open mic night at the St Augustine's Green Turtle Kava bar. Sip on delicious kava drinks and enjoy an unforgettable event.,https://greenturtlekava.co/event/open-mic-july-1/,200,https://greenturtlekava.co/wp-content/uploads/2024/07/Open-Mic.jpg
https://greenturtlekava.co/event/astrology-readings/,event,astrology-readings,Astrology Readings - Green Turtle Kava Bar,Join us at Green Turtle Kava Bar in St Augustine for an exciting Astrology Reading experience. Get an enchanting evening of astrology readings.,https://greenturtlekava.co/event/astrology-readings/,200,https://greenturtlekava.co/wp-content/uploads/2024/06/Astrology-Readings-GTK-June-29th.jpg
https://greenturtlekava.co/event/trivia-night-kava-bar/,event,trivia-night-kava-bar,Trivia Night Kava Bar - Green Turtle Kava Bar,Join us at Green Turtle Kava Bar in Daytona Beach for an exciting Trivia Night Kava Bar experience. Exercise your mind while enjoying our refreshing kava. BULA,https://greenturtlekava.co/event/trivia-night-kava-bar/,200,https://greenturtlekava.co/wp-content/uploads/2024/05/Daytona-trivia-2.png
https://greenturtlekava.co/event/open-mic-night/,event,open-mic-night,Open Mic Night - GREEN TURTLE KAVA BAR,"Green Turtle Kava Bar at Daytona Beach Open Mic Night | share your talents & drink kava. All forms of art welcome poetry, music, comedy, or even beatboxing ! BULA",https://greenturtlekava.co/event/open-mic-night/,200,https://greenturtlekava.co/wp-content/uploads/2024/05/open-mic-daytona.png
https://greenturtlekava.co/event/memorial-day/,event,memorial-day,Memorial Day - GREEN TURTLE KAVA BAR,,https://greenturtlekava.co/event/memorial-day/,200,https://greenturtlekava.co/wp-content/uploads/2024/05/Veterans-Get-BOGO-Tea-and-Kava-all-Day-1.png
https://greenturtlekava.co/event/billards-tournament/,event,billards-tournament,Billiards Tournament - GREEN TURTLE KAVA BAR,Green Turtle Kava Bar at Daytona Trivia Night | Play pool & drink kava. Come have a shell and participate in our pool tournament. BULA,https://greenturtlekava.co/event/billards-tournament/,200,https://greenturtlekava.co/wp-content/uploads/2024/02/Daytona-pool.png
https://greenturtlekava.co/event/paint-by-kava/,event,paint-by-kava,Paint By Kava - GREEN TURTLE KAVA BAR,Green Turtle Kava Bar at St AugustinePaint by Kava | Paint & drink kava. Follow along as we get rooted during our group painting experience. BULA,https://greenturtlekava.co/event/paint-by-kava/,200,https://greenturtlekava.co/wp-content/uploads/2024/01/Paint.png
https://greenturtlekava.co/event/trivia-night-2/,event,trivia-night-2,Trivia Night - GREEN TURTLE KAVA BAR,Green Turtle Kava Bar at St Augustine Trivia Night | Be smart drink kava. Come have a shell and workout your brain. BULA,https://greenturtlekava.co/event/trivia-night-2/,200,https://greenturtlekava.co/wp-content/uploads/2024/05/STA-trivia-2.png
https://greenturtlekava.co/event/paint-with-kava/,event,paint-with-kava,Paint By Kava - GREEN TURTLE KAVA BAR,,https://greenturtlekava.co/event/paint-with-kava/,200,https://greenturtlekava.co/wp-content/uploads/2024/02/paint-by-kava-DAY.png
https://greenturtlekava.co/event/tarot-aura-photography/,event,tarot-aura-photography,Tarot Night - GREEN TURTLE KAVA BAR,Green Turtle Kava Bar at Daytona Beach Tarot Night | Get readings & drink kava. Come have a shell and get a tarot reading. BULA,https://greenturtlekava.co/event/tarot-aura-photography/,200,https://greenturtlekava.co/wp-content/uploads/2024/01/Copy-of-STA-Tarot.png
https://greenturtlekava.co/event/kava-bar-karaoke-night-daytona/,event,kava-bar-karaoke-night-daytona,Kava Bar Karaoke Night,"Green Turtle Kava Bar Karaoke Night | Sing loud & drink kava. Bring your friends grab shell and sing your lungs out, BULA !",https://greenturtlekava.co/event/kava-bar-karaoke-night-daytona/,200,https://greenturtlekava.co/wp-content/uploads/2024/02/Daytona-Karaoke.png
https://greenturtlekava.co/event/open-mic-night-2/,event,open-mic-night-2,Open Mic Night - GREEN TURTLE KAVA BAR,,https://greenturtlekava.co/event/open-mic-night-2/,200,https://greenturtlekava.co/wp-content/uploads/2024/02/STA-OPEN-MIC-NIGHT.png
https://greenturtlekava.co/event/dirty-bingo-night/,event,dirty-bingo-night,Dirty Bingo - GREEN TURTLE KAVA BAR,Green Turtle Kava Bar at Daytona Beach Dirty Bingo Night | Be dirty drink kava. Come have a shell and be dirty with us. BULA,https://greenturtlekava.co/event/dirty-bingo-night/,200,https://greenturtlekava.co/wp-content/uploads/2023/11/sta-bingo.png
https://greenturtlekava.co/event/astrology-night/,event,astrology-night,Astrology Night - GREEN TURTLE KAVA BAR,,https://greenturtlekava.co/event/astrology-night/,200,https://greenturtlekava.co/wp-content/uploads/2024/02/astrology-sta.png
https://greenturtlekava.co/event/dirty-bingo/,event,dirty-bingo,Dirty Bingo - GREEN TURTLE KAVA BAR,Green Turtle Kava Bar at Daytona Beach Dirty Bingo Night | Be dirty drink kava. Come have a shell and win dirty prizes with us. BULA,https://greenturtlekava.co/event/dirty-bingo/,200,https://greenturtlekava.co/wp-content/uploads/2023/11/Daytona-Bingo.png
https://greenturtlekava.co/event/pj-movie-night-12-12-22/,event,pj-movie-night-12-12-22,PJ Movie Night - GREEN TURTLE KAVA BAR,"Green Turtle Kava Bar at Daytona Beach PJ Movie Night | Get cozy with a movie & kava . Bring your best PJs, have a free shell and watch a movie with us. BULA",https://greenturtlekava.co/event/pj-movie-night-12-12-22/,200,https://greenturtlekava.co/wp-content/uploads/2024/01/DAY-PJ-Movie-Night-1.png
https://greenturtlekava.co/event/pj-movie-night/,event,pj-movie-night,PJ Movie Night - GREEN TURTLE KAVA BAR,,https://greenturtlekava.co/event/pj-movie-night/,200,https://greenturtlekava.co/wp-content/uploads/2024/01/STA-PJ-Movie-Night-1-2.png
https://greenturtlekava.co/event/gtk-chess-tourney-daytona-beach/,event,gtk-chess-tourney-daytona-beach,Chess Tournament - GREEN TURTLE KAVA BAR,"Green Turtle Kava Bar at Daytona Beach Chess Tournament | Play smart & drink kava. Bring your friends grab shell and play to win, BULA!",https://greenturtlekava.co/event/gtk-chess-tourney-daytona-beach/,200,https://greenturtlekava.co/wp-content/uploads/2023/10/chess-1.png
https://greenturtlekava.co/event/ryders-night/,event,ryders-night,Ryders Night - GREEN TURTLE KAVA BAR,,https://greenturtlekava.co/event/ryders-night/,200,https://greenturtlekava.co/wp-content/uploads/2023/12/Brown-Rustic-Live-Acoustic-Music-Instagram-Post.png
https://greenturtlekava.co/event/anniversary-party/,event,anniversary-party,2 Year Anniversary Party - GREEN TURTLE KAVA BAR,"Green Turtle Kava Bar at Daytona Beach Anniversary Party and Masquerade Ball | Wear a mask & drink kava. Bring your friends and your best Masquerade mask, grab shell and have a ball. BULA !",https://greenturtlekava.co/event/anniversary-party/,200,https://greenturtlekava.co/wp-content/uploads/2023/01/Black-and-White-Photo-Halloween-Masquerade-Ball-Instagram-Post-1.png
https://greenturtlekava.co/event/sound-bath-aura-cleanse/,event,sound-bath-aura-cleanse,Sound Bath - GREEN TURTLE KAVA BAR,"Green Turtle Kava Bar at St Augustine Sound Bath & Aura Cleanse | meditate & drink kava. Bring your friends grab a shell get meditate with us, BULA !",https://greenturtlekava.co/event/sound-bath-aura-cleanse/,200,https://greenturtlekava.co/wp-content/uploads/2023/12/Sound-Bath-sta-2.png
https://greenturtlekava.co/event/veterans-meet-up/,event,veterans-meet-up,Veterans Meet Up - GREEN TURTLE KAVA BAR,Green Turtle Kava Bar at Daytona Beach Veterans Meet Up | Hang out & drink kava. Come have a shell and meet some fellow US veterans. BULA,https://greenturtlekava.co/event/veterans-meet-up/,200,https://greenturtlekava.co/wp-content/uploads/2023/12/Daytona-Veterans-1.png
https://greenturtlekava.co/event/tarot-aura-photography-2/,event,tarot-aura-photography-2,Spiritual Mediumship - GREEN TURTLE KAVA BAR,Green Turtle Kava Bar at St Augustine Spiritual Mediumship Readings | Get readings & drink kava Have a shell with us and get a spiritual reading. BULA!,https://greenturtlekava.co/event/tarot-aura-photography-2/,200,https://greenturtlekava.co/wp-content/uploads/2023/08/Spiritual-Mediumship-sta.png
https://greenturtlekava.co/event/new-year-party-daytona-beach/,event,new-year-party-daytona-beach,New Years Party - GREEN TURTLE KAVA BAR,Green Turtle Kava Bar at Daytona BeachNew Years Party | Drink kava for New Years. Come have a shell and celebrate the New Year with us! BULA,https://greenturtlekava.co/event/new-year-party-daytona-beach/,200,https://greenturtlekava.co/wp-content/uploads/2022/12/NEW-YEARS.png
https://greenturtlekava.co/event/new-year-party-st-augustine/,event,new-year-party-st-augustine,New Years Party - GREEN TURTLE KAVA BAR,Green Turtle Kava Bar at St Augustine New Years Party | Drink kava for New Years. Come have a shell and celebrate the New Year with us! BULA,https://greenturtlekava.co/event/new-year-party-st-augustine/,200,https://greenturtlekava.co/wp-content/uploads/2022/12/NEW-YEARS.png
https://greenturtlekava.co/event/5313/,event,5313,White Elephant Christmas Party - GREEN TURTLE KAVA BAR,,https://greenturtlekava.co/event/5313/,200,https://greenturtlekava.co/wp-content/uploads/2023/12/White-Elephant-Daytona.png
https://greenturtlekava.co/event/ugly-sweater-christmas-party-2/,event,ugly-sweater-christmas-party-2,Ugly Sweater Christmas Party - GREEN TURTLE KAVA BAR,Green Turtle Kava Bar at Daytona BeachUgly Sweater Christmas Party | Dress up & drink kava . Bring your best Christmas sweater and get 20% off ! BULA,https://greenturtlekava.co/event/ugly-sweater-christmas-party-2/,200,https://greenturtlekava.co/wp-content/uploads/2022/12/Ugly-Sweater-Daytona.png
https://greenturtlekava.co/event/white-elephant-christmas-party/,event,white-elephant-christmas-party,White Elephant Christmas Party - GREEN TURTLE KAVA BAR,,https://greenturtlekava.co/event/white-elephant-christmas-party/,200,https://greenturtlekava.co/wp-content/uploads/2023/12/White-Elephant-Daytona-STA.png
https://greenturtlekava.co/event/tarot-night/,event,tarot-night,Tarot Night - GREEN TURTLE KAVA BAR,,https://greenturtlekava.co/event/tarot-night/,200,https://greenturtlekava.co/wp-content/uploads/2023/11/Daytona-Tarot.jpg
https://greenturtlekava.co/event/kava-bar-thanksgiving-2022/,event,kava-bar-thanksgiving-2022,Kava Bar Thanksgiving - GREEN TURTLE KAVA BAR,"Kava Bar Thanksgiving St Augustine 2022 | Come out and enjoy specials ALL DAY, complimentary dinner, and great vibes with your tribe. See you Nov 24th!",https://greenturtlekava.co/event/kava-bar-thanksgiving-2022/,200,https://greenturtlekava.co/wp-content/uploads/2022/11/Thanksgiving-gtk.png
https://greenturtlekava.co/event/kava-bar-thanksgiving/,event,kava-bar-thanksgiving,Kava Bar Thanksgiving - GREEN TURTLE KAVA BAR,,https://greenturtlekava.co/event/kava-bar-thanksgiving/,200,https://greenturtlekava.co/wp-content/uploads/2022/11/Thanksgiving-gtk.png
https://greenturtlekava.co/event/halloween-party/,event,halloween-party,Halloween Party - GREEN TURTLE KAVA BAR,,https://greenturtlekava.co/event/halloween-party/,200,https://greenturtlekava.co/wp-content/uploads/2023/10/GTK-COSTUME-flyer.png
https://greenturtlekava.co/event/live-bluegrass-2/,event,live-bluegrass-2,Live Music with Walker - GREEN TURTLE KAVA BAR,"Green Turtle Kava Bar at St Augustine Live Music with Walker | Jam out & drink kava Come have a shell and Jam out with folk singer-songwriter Walker aka ""Dent Moses"". BULA!",https://greenturtlekava.co/event/live-bluegrass-2/,200,https://greenturtlekava.co/wp-content/uploads/2023/08/walker-Live.png
https://greenturtlekava.co/event/live-music-with-shyla-macaluso-st-augustine/,event,live-music-with-shyla-macaluso-st-augustine,Flint Blade - GREEN TURTLE KAVA BAR,,https://greenturtlekava.co/event/live-music-with-shyla-macaluso-st-augustine/,200,https://greenturtlekava.co/wp-content/uploads/2023/09/flint-blade-fb-Instagram-Post-Square-Facebook-Event-Cover-Instagram-Post-Square.png
https://greenturtlekava.co/event/karaoke-night/,event,karaoke-night,Karaoke Night - GREEN TURTLE KAVA BAR,"Green Turtle Kava Bar at St Augustine Karaoke Night | Sing loud & drink kava. Bring your friends grab shell and sing your lungs out, BULA !",https://greenturtlekava.co/event/karaoke-night/,200,https://greenturtlekava.co/wp-content/uploads/2023/09/KARAOKE-STA.png
https://greenturtlekava.co/event/aramis-stone-live/,event,aramis-stone-live,Aramis Stone - GREEN TURTLE KAVA BAR,Green Turtle Kava Bar at St Augustine Live Music by Aramis Stone | Vibe out & drink kava. Come have a shell and enjoy the original classical piano by the talented Aramis Stone. BULA,https://greenturtlekava.co/event/aramis-stone-live/,200,https://greenturtlekava.co/wp-content/uploads/2023/04/Aramis-gtk-nov-Instagram-Post-Square.png
https://greenturtlekava.co/event/live-music-with-shyla-macaluso-2-2/,event,live-music-with-shyla-macaluso-2-2,Morning After Band - GREEN TURTLE KAVA BAR,,https://greenturtlekava.co/event/live-music-with-shyla-macaluso-2-2/,200,https://greenturtlekava.co/wp-content/uploads/2023/08/morning-after-band.png
https://greenturtlekava.co/event/paint-by-kava-2/,event,paint-by-kava-2,Paint By Kava - GREEN TURTLE KAVA BAR,,https://greenturtlekava.co/event/paint-by-kava-2/,200,https://greenturtlekava.co/wp-content/uploads/2023/08/paint-daytona.png
https://greenturtlekava.co/event/live-music-with-shyla-macaluso-daytona-beach/,event,live-music-with-shyla-macaluso-daytona-beach,Flint Blade - GREEN TURTLE KAVA BAR,,https://greenturtlekava.co/event/live-music-with-shyla-macaluso-daytona-beach/,200,https://greenturtlekava.co/wp-content/uploads/2023/08/flint-blade-1.png
https://greenturtlekava.co/event/live-music-with-shyla-macaluso-2/,event,live-music-with-shyla-macaluso-2,Shyla Macaluso - GREEN TURTLE KAVA BAR,Green Turtle Kava Bar at Daytona Beach Live Music | Join us & drink kava. Shyla Macaluso is playing live acoustic music at Green Turtle Kava Daytona. BULA,https://greenturtlekava.co/event/live-music-with-shyla-macaluso-2/,200,https://greenturtlekava.co/wp-content/uploads/2023/08/shyla-.jpg
https://greenturtlekava.co/event/live-music-with-shyla-macaluso/,event,live-music-with-shyla-macaluso,Celia Tice - GREEN TURTLE KAVA BAR,Green Turtle Kava Bar at St Augustine Live Music | Join us & drink kava. Celia Tice is playing live acoustic music at Green Turtle Kava Daytona. BULA,https://greenturtlekava.co/event/live-music-with-shyla-macaluso/,200,https://greenturtlekava.co/wp-content/uploads/2023/07/celia-1.jpg
https://greenturtlekava.co/event/4th-of-july-celebration-kava-bar/,event,4th-of-july-celebration-kava-bar,July 4th Celebration - GREEN TURTLE KAVA BAR,"Green Turtle Kava Bar at St Augustine 4th of July Celebration | Celebrate Freedom & drink kava. Celebrate independance day with us! Wear red,white and blue to get BOGO drinks all day, then join us for fireworks at 10 pm. BULA !",https://greenturtlekava.co/event/4th-of-july-celebration-kava-bar/,200,https://greenturtlekava.co/wp-content/uploads/2023/07/July-4th.jpg
https://greenturtlekava.co/event/july-4th-celebration/,event,july-4th-celebration,July 4th Celebration - GREEN TURTLE KAVA BAR,Green Turtle Kava Bar at Daytona 4th of July Celebration | Celebrate Freedom & drink kava Celebrate independance day with us! Free kava every hour. BULA !,https://greenturtlekava.co/event/july-4th-celebration/,200,https://greenturtlekava.co/wp-content/uploads/2023/07/July-4th-Daytona.jpg
https://greenturtlekava.co/event/live-music-with-hymn-for-her/,event,live-music-with-hymn-for-her,Hymn for Her - GREEN TURTLE KAVA BAR,Green Turtle Kava Bar at St Augustine Live Music with Hymn for Her | Jam out & drink kava. Have a shell and enjoy an amazing live sound by Hymn for Her.,https://greenturtlekava.co/event/live-music-with-hymn-for-her/,200,https://greenturtlekava.co/wp-content/uploads/2022/12/hymn-for-her-2.jpg
https://greenturtlekava.co/event/live-dj-night/,event,live-dj-night,Live DJ Night - GREEN TURTLE KAVA BAR,Green Turtle Kava Bar at St Augustine Live DJ Night | Jam out & drink kava. Come have a shell and jam out to Evan Cavalini and Joshua Watts. BULA !,https://greenturtlekava.co/event/live-dj-night/,200,https://greenturtlekava.co/wp-content/uploads/2023/04/9DB4D15E-13B9-49F2-A10D-21AA3E64B633.jpg
https://greenturtlekava.co/event/singco-de-mayo/,event,singco-de-mayo,Singco De Mayo - GREEN TURTLE KAVA BAR,"Green Turtle Kava Bar at Daytona Beach""Sing""co De Mayo | Sing & drink kava. Come have a shell, sing karaoke and celebrate Cinco De Mayo with us ! BULA",https://greenturtlekava.co/event/singco-de-mayo/,200,https://greenturtlekava.co/wp-content/uploads/2023/05/Live-Music-Games-Drink.jpg
https://greenturtlekava.co/event/itera-presentation/,event,itera-presentation,Itera Presentation - GREEN TURTLE KAVA BAR,Green Turtle Kava Bar at Daytona Beach Itera Presentation | Heal yourself & drink kava. Come have a shell and learn about the healing capabilities of Tera Waves. BULA,https://greenturtlekava.co/event/itera-presentation/,200,https://greenturtlekava.co/wp-content/uploads/2023/04/Itera-1.jpg
https://greenturtlekava.co/event/st-patricks-day-special-2/,event,st-patricks-day-special-2,St Patricks Day Special - GREEN TURTLE KAVA BAR,"Green Turtle Kava Bar at St Augustine St Patricks Day Special | Wear green & drink kava BOGO on your first tea or kava when you wear green, BULA !",https://greenturtlekava.co/event/st-patricks-day-special-2/,200,https://greenturtlekava.co/wp-content/uploads/2023/03/St-Pats-Day.png
https://greenturtlekava.co/event/st-patricks-day-special/,event,st-patricks-day-special,St Patricks Day Special - GREEN TURTLE KAVA BAR,"Green Turtle Kava Bar at St Augustine St Patricks Day Special | Wear green & drink kava BOGO on your first tea or kava when you wear green, BULA !",https://greenturtlekava.co/event/st-patricks-day-special/,200,https://greenturtlekava.co/wp-content/uploads/2023/03/St-Pats-Day.png
https://greenturtlekava.co/event/valentines-day-party/,event,valentines-day-party,Valentines Day Party - GREEN TURTLE KAVA BAR,Green Turtle Kava Bar at Daytona Beach Valentines Day Party | Love & drink kava. BOGO on all teas. Come have a shell and spread the love! BULA,https://greenturtlekava.co/event/valentines-day-party/,200,https://greenturtlekava.co/wp-content/uploads/2023/01/Feb-14th-8pm.jpg
https://greenturtlekava.co/event/valentines-day-party-2/,event,valentines-day-party-2,Valentines Day Party - GREEN TURTLE KAVA BAR,Green Turtle Kava Bar at Daytona Beach Valentines Day Party | Love & drink kava. BOGO on all teas. Come have a shell and spread the love! BULA,https://greenturtlekava.co/event/valentines-day-party-2/,200,https://greenturtlekava.co/wp-content/uploads/2023/02/VALENTINES-STA.jpg
https://greenturtlekava.co/event/potting-party/,event,potting-party,Potting Party - GREEN TURTLE KAVA BAR,Green Turtle Kava Bar at Daytona Beach Potting Party | Pot plants & drink kava. Come have a shell and get your green thumb on! BULA,https://greenturtlekava.co/event/potting-party/,200,https://greenturtlekava.co/wp-content/uploads/2023/01/Potting-Party-1.jpg
https://greenturtlekava.co/event/live-dj-instromech/,event,live-dj-instromech,Live DJ Instromech - GREEN TURTLE KAVA BAR,Green Turtle Kava Bar at Daytona Beach Live DJ Instromech | Jam out & drink kava. Come have a shell and Jam to DJ Instromech's sound sessions. BULA,https://greenturtlekava.co/event/live-dj-instromech/,200,https://greenturtlekava.co/wp-content/uploads/2023/01/dj-night-daytona.jpg
https://greenturtlekava.co/event/magic-the-gathering-tournament/,event,magic-the-gathering-tournament,MTG Tournament - GREEN TURTLE KAVA BAR,"Green Turtle Kava Bar at Daytona Beach MTG Tournament | Play Magic & drink kava. Come have a shell, workout your brain and WIN ! BULA",https://greenturtlekava.co/event/magic-the-gathering-tournament/,200,https://greenturtlekava.co/wp-content/uploads/2023/01/Magic-The-Gathering-Tournament.jpg
https://greenturtlekava.co/event/christmas-party/,event,christmas-party,Christmas Party - GREEN TURTLE KAVA BAR,"Green Turtle Kava Bar at Daytona Beach Christmas Party | Tis the season to drink kava. We’re having a Christmas party, come spread some holiday cheer with us ! BULA",https://greenturtlekava.co/event/christmas-party/,200,https://greenturtlekava.co/wp-content/uploads/2022/12/25th-December-2022.jpg
https://greenturtlekava.co/event/christmas-party-2/,event,christmas-party-2,Christmas Party - GREEN TURTLE KAVA BAR,"Green Turtle Kava Bar at Daytona Beach Christmas Party | Tis the season to drink kava. We’re having a Christmas party, come spread some holiday cheer with us ! BULA",https://greenturtlekava.co/event/christmas-party-2/,200,https://greenturtlekava.co/wp-content/uploads/2022/12/25th-December-2022.jpg
https://greenturtlekava.co/event/live-band-kicking-dandelions/,event,live-band-kicking-dandelions,Live Band Kicking Dandelions - GREEN TURTLE KAVA BAR,"Green Turtle Kava Bar at St Augustine Live band Kicking Dandelions | Rock out & drink kava Local indie rock band Kicking Dandelions is playing live! Grab a shell and rock out, BULA !",https://greenturtlekava.co/event/live-band-kicking-dandelions/,200,https://greenturtlekava.co/wp-content/uploads/2022/12/kick-dand.jpg
https://greenturtlekava.co/event/trivia-night-12-13-22/,event,trivia-night-12-13-22,Trivia Night - 12-13-22 - GREEN TURTLE KAVA BAR,Trivia Night Green Turtle Kava Bar Daytona Beach 12-13-22 | Be smart drink kava. Come have a shell and workout your brain. BULA,https://greenturtlekava.co/event/trivia-night-12-13-22/,200,https://greenturtlekava.co/wp-content/uploads/2021/11/Be-Smart-Drink-Kava-2.jpg
https://greenturtlekava.co/event/gtk-daytona-event/,event,gtk-daytona-event,GTK Daytona Event - GREEN TURTLE KAVA BAR,,https://greenturtlekava.co/event/gtk-daytona-event/,200,https://greenturtlekava.co/wp-content/uploads/2022/02/Enjoy-pool.jpg
https://greenturtlekava.co/event/trivia-night-daytona-beach-gtk/,event,trivia-night-daytona-beach-gtk,Trivia Night Daytona Beach - GTK - GREEN TURTLE KAVA BAR,Trivia Night Daytona Beach - GTK | Come out and show off your big brain. Cash and prizes! BULA,https://greenturtlekava.co/event/trivia-night-daytona-beach-gtk/,200,https://greenturtlekava.co/wp-content/uploads/2022/11/TRIVIA-NIGHT.jpg
https://greenturtlekava.co/event/halloween-costume-party/,event,halloween-costume-party,Music Monday in St. Augustine - GREEN TURTLE KAVA BAR,,https://greenturtlekava.co/event/halloween-costume-party/,200,https://greenturtlekava.co/wp-content/uploads/2022/10/Music.jpg
https://greenturtlekava.co/event/trivia-night-12-21-22/,event,trivia-night-12-21-22,Trivia Night - GREEN TURTLE KAVA BAR,Trivia Night Green Turtle Kava Bar St Augustine 12-13-22 | Be smart drink kava. Come have a shell and workout your brain. BULA,https://greenturtlekava.co/event/trivia-night-12-21-22/,200,https://greenturtlekava.co/wp-content/uploads/2022/12/Trivia-STA.jpg
https://greenturtlekava.co/event/daytona-beach-grand-opening/,event,daytona-beach-grand-opening,Daytona Beach Grand Opening! - GREEN TURTLE KAVA BAR,,https://greenturtlekava.co/event/daytona-beach-grand-opening/,200,https://greenturtlekava.co/wp-content/uploads/2021/12/Daytona-Grand-Opening-1.jpg
https://greenturtlekava.co/event/upcoming-event/,event,upcoming-event,Upcoming Event - GREEN TURTLE KAVA BAR,,https://greenturtlekava.co/event/upcoming-event/,200,https://greenturtlekava.co/wp-content/uploads/2022/11/GTK-AT-TBD.jpg
https://greenturtlekava.co/event/veterans-meet-up-12-18-22/,event,veterans-meet-up-12-18-22,Veterans Meet Up - GREEN TURTLE KAVA BAR,Green Turtle Kava Bar at Daytona Beach Veterans Meet Up | Hang out & drink kava. Come have a shell and meet some fellow US veterans. BULA,https://greenturtlekava.co/event/veterans-meet-up-12-18-22/,200,https://greenturtlekava.co/wp-content/uploads/2022/12/veterans-2.jpg
https://greenturtlekava.co/event/grand-opening/,event,grand-opening,St. Augustine Grand Opening! - GREEN TURTLE KAVA BAR,,https://greenturtlekava.co/event/grand-opening/,200,https://greenturtlekava.co/wp-content/uploads/2021/10/Now-Open-v1-1-1.jpg
